coffee_id,name,roaster,farmer,process,elevation,country_name,country_region,notes,varietals
3,La Reserva Anaerobic (Colombia),Humphrey's Street,La Reserva,Anaerobic Natural,1800,Colombia,Americas,"strawberry,silky,creamy,fruit punch",Caturra
4,Manos de Mujer,Retrograde,ACODIHUE,Washed,1500,Guatemala,Americas,"black cherry,red apple,chocolate",Cultivar
5,Treehouse Blend,Elixr Coffee Roasters,Multiple,Washed,0,Blend,Blend,"caramel,cocoa,clementine",Heirlooms
6,Precursor,Rebecca,,Washed,,Brazil,Americas,"cocoa powder,nutty,red berry",Arabica
7,Drima Zede,Barista Parlor,Ninety Plus Coffee,Anaerobic Natural,1350,Panama,Americas,"strawberry,dark chocolate,oak",Heirlooms
8,KAINAMUI AA,Crema,New Ngariama Cooperative,Washed,1650,Kenya,Africa,"grapefruit,dark chocolate,black currant","SL28,SL34,Ruiru 11"
9,Ethiopia Haro Welabu,Sump Coffee,Kerchanshe Water Station,Anaerobic Natural,1950,Ethiopia,Africa,"strawberry,ripe fruit",Heirlooms
10,Ibonia Estate,Steadfast Coffee,Ibonia Estate,Washed,1700,Kenya,Africa,"juicy,apricot,cherry,dark chocolate","SL34,SL28"
11,Chelbesa Danche,Feast,,Washed,2050,Ethiopia,Africa,"honey,lemon,jasmine,blackberry,raw,floral,sugar,sweet,candy,watermelon",Heirlooms
12,Ethiopia - Kochere,Airship,,Natural,1850,Ethiopia,Africa,"blueberry,floral,chocolate",Heirlooms
13,Nano Genji,ReAnimator Coffee Roasters,Nano Genji,Washed,,Ethiopia,Africa,"nectarine,sweet tea,hard candy,ginger",Heirlooms
14,Kiriga Estate Peaberry,Victrola,Brian Gakunga,Washed,1600,Kenya,Africa,"currant,concord grape,cane sugar","SL28,Ruiru 11 AA"
15,Karatu AA,Bluebeard,Karatu Estate,Washed,1850,Tanzania,Africa,"apricot,lemon,floral,brown sugar",N39 (Bourbon AA)
16,Las Palomas,Kuma,Multiple,Washed,1875,Guatemala,Americas,"mandarin orange,nectarine,marzipan","Bourbon,Caturra"
17,Ethiopia Worka Chelbessa,Looking Homeward,Neguesse Debela,Washed,2100,Ethiopia,Africa,"lemonade,jasmine,watermelon,raspberry",Ethiopia Landraces
101,Geisha,3 Monkeys,,,0,Peru,Americas,,
102,,3 Monkeys,,,0,Peru,Americas,,
103,Reserve Al Wudiyan,Al Mokha,,Natural,0,Yemen,Asia,,
104,Whole Foods,Allegro,,,0,Blend,Blend,"sweet,smoky",
105,Belen Gualcho,Alma Coffee,,Washed,1700,Honduras,Americas,"green apple,apple,balance,milk,grapefruit",Caturra
106,Gotiti,Anchorhead,Mormora Farm,,2000,Ethiopia,Africa,"jasmine tea,lychee","Wolicho,Heirlooms,Kurume"
107,Kiangoi,Anchorhead,,Washed,0,Kenya,Africa,"raspberry,nutmeg,honeydew,peach",SL28 Cultivar
108,Leviathan,Anchorhead,,Natural,1900,Blend,Blend,"blackberry syrup,caramel,marshmallow,blueberry",
109,Narwhal,Anchorhead,,Washed,1600,Blend,Blend,"cherry,nougat,milk chocolate","Bourbon,Typica,Caturra"
110,Rwanda Dukunde Kawa,Anchorhead,Dukunde Kawa Cooperative,Washed,1750,Rwanda,Africa,"nutmeg,brown sugar,fig",Bourbon
111,Ethiopia Uraga Guji,Anchorhead,Feku Jiberil,Washed,0,Ethiopia,Africa,"chocolate syrup,tangerine",
112,Colombia La Pradera,Anodyne Coffee Roasters,Hector & Oscar Daza,Washed,1700,Colombia,Americas,"cherry,super,cola,soft","Castillo,Caturra,Colombia"
113,Precursor,Armistice,,Washed,0,Blend,Blend,,
114,Dominican Republic of Congo,Atlas Coffee Importers,,Washed,0,Congo,Africa,,
115,Ethiopa,Atlas Coffee Importers,Shara Washing Station,Washed,0,Ethiopia,Africa,"blackberry,green tea,plum,pear,jasmine",Typica
116,Fazenda Cachoeira,Atlas Coffee Importers,,Natural,0,Brazil,Americas,,
117,Fazenda Samambaia,Atlas Coffee Importers,,Natural,0,Brazil,Americas,,
118,Fazenda Samambaia,Atlas Coffee Importers,,Pulp Natural,0,Brazil,Americas,,
119,Bali Kintamani,Atomic,,Natural,1300,Indonesia,Asia,"strawberry liquer,cantaloupe,complex","Typica,Bourbon"
120,Decaf Brazil,Atomic,,EA Decaf,1000,Brazil,Americas,"bittersweet chocolate,honey,caramel","Novo Hybrid,Bourbon,Mundo Novo"
121,Burundi Mutambu,Backporch Coffee Roasters,,Washed,6000,Burundi,Africa,"hibiscus,star fruit,black tea",Red Bourbon
122,Chateau Belleville Blend,Belleville,,Natural,0,Blend,Blend,,Bourbon
123,Ciudad Vieja,Belleville,,Washed,0,Guatemala,Americas,"roasted hazelnuts,cocoa,spice",Bourbon
124,La Fontaine Blend,Belleville,,Washed,0,Blend,Blend,"caramel,chocolate",
125,Matahara,Belleville,,Washed,0,Ethiopia,Africa,floral,
126,Neptaly Bautista,Belleville,,Washed,0,Honduras,Americas,"granny apple,candied fruit,honey,exotic fruits,cane molasses",Pacas
127,Halu Beriti,Bespoken,,Washed,2200,Ethiopia,Africa,"apricot,juicy,jasmine",Heirlooms
128,Café Del Sol,Bird Rock,,Washed,1600,Kenya,Africa,"clementine,blackberry,dark honey","Bourbon,Heirlooms,Caturra"
129,Reko,Bird Rock,,Washed,2050,Ethiopia,Africa,"apricot jam,lemon drop candy,jasmine",Heirlooms
130,Love Berries,Black Sheep,,Natural,0,Ethiopia,Africa,apple,Arabica
131,Robusta Revival,Black Sheep,,Pulp Natural,0,India,Asia,"dark chocolate,silky,hazelnut,smooth",Robusta
132,Abera Ararso,Blanchard's Coffee Roasting Co.,,Washed,1750,Ethiopia,Africa,"nectarine,wildflower honey,meyer lemon","Dega,Kurume,Wolicho"
133,Blanchard's Guatemala,Blanchard's Coffee Roasting Co.,Ruth Maria de Los Angeles Martinez,Washed,2000,Guatemala,Americas,"cola,poached pear,orange blossom",Orange Bourbon
134,La Esperanza,Blue Bottle,,Washed,0,Guatemala,Americas,"candied kumquat,hazelnut,swiss chocolate",Caturra
135,Rwanda Nyanza Iwacu,Blue Bottle,Iwacu Washing Station,Washed,1650,Rwanda,Africa,"lemongrass,candied mango,praline",Bourbon
136,Sr. Edgardo Reyes,Bluebeard,Sr. Edgardo Reyes,Washed,1761,Honduras,Americas,"chocolate,milk,apple,grape jelly,honeycomb",Pacas
137,Yukro,Bluebeard,Cooperative Kata Muduga,Washed,2000,Ethiopia,Africa,"butterscotch,lemon,white grape,mandarin orange","Arabica,Heirlooms"
138,Kimel River,Bluebeard,Kimel River Estate,Washed,1500,Papua New Guinea,Oceania,"cocoa,nectarine,white grape,lemon blossom",Peaberry
139,Ejo Heza,Blueprint Coffee,4th Harvest,Washed,1750,Rwanda,Africa,,"Jackson,Bourbon"
140,Decaf Caldas E.A.,Blueprint Coffee,1st Harvest,EA Decaf,1500,Colombia,Americas,,"Colombia,Caturra,Castillo"
141,Dur Feres,Boon Boona,Multiple,Natural,1800,Ethiopia,Africa,cacao nibs,"Kurume,Setami,Mikicho"
142,Decaf Sidamo,Boon Boona,Multiple,Swiss Water Decaf,1850,Ethiopia,Africa,"citrus,nougat",Heirlooms
143,Bourbon de Chiapas,Borola,,Washed,1200,Mexico,Americas,"cedar,nuts,floral,orange",Bourbon
144,Enmielado de Guerrero,Borola,,Honey,0,Mexico,Americas,"mango,pineapple,light chocolate finish",Arabica
145,Pacamara de Chiapas,Borola,,Washed,0,Mexico,Americas,"vanilla,toasted caramel,nuts,spice",Pacamara
146,Pluma de Oaxaca,Borola,,Washed,1300,Mexico,Americas,"vanilla,chocolate,light body,dry finish,balance,caramel,oak",Typica Pluma
147,Tupac Amaru,Bows x Arrows,,Washed,0,Peru,Americas,"butterscotch,macadamia nut,chocolate mousse","Typica,Caturra,Bourbon"
148,Costa Rica,Brewed Awakenings,,Washed,0,Costa Rica,Americas,,Arabica
149,Colombia Duarte Bajo,Broadcast,Duarte Bajo,Washed,0,Colombia,Americas,"fruity,bright",
150,Colombia San Francisco,Broadcast,San Francisco,Washed,0,Colombia,Americas,lovely,
151,Colombia Tosoabi,Broadcast,Tosoabi,Washed,0,Colombia,Americas,"orange,chocolate",
152,Ethiopia Hambela,Broadcast,Hambela,Washed,2100,Ethiopia,Africa,"lemon,raspberry",Heirlooms
153,Finca Un Regalo de Dios,Broadcast,,Washed,0,Nicaragua,Americas,"dried fruit,toffee",Pacamara
154,Guatemala,Broadcast,,Washed,0,Guatemala,Americas,"lemonade,fig,apple","Catuai,Caturra"
155,Guatemala La Folie,Broadcast,La Folie,Washed,0,Guatemala,Americas,"orange,pear",
156,Honduras San Vicente,Broadcast,,Washed,1575,Honduras,Americas,"pear,raspberry,papaya","Catuai,Lempira,Pacas"
157,Kenya Karatu PB,Broadcast,Karatu PB,Washed,0,Kenya,Africa,"blood orange,raspberry",
158,Myanmar Horse Well,Broadcast,Horse Well,Washed,0,Myanmar,Asia,"orange,cognac",
159,Wottona Bultuma,Broadcast,,Washed,0,Ethiopia,Africa,"bergamot,peach,honey",Heirlooms
160,Raro Boda Natural,Broadsheet,Neguesse Debela,Natural,2100,Ethiopia,Africa,"toffee,blueberry,cherry","Heirlooms,Jarc Selections"
161,Terra Sana Blend,Caffe Umbria,,Washed,0,Blend,Blend,,
162,Holiday Blend,Caffe Vita,,Washed,0,Brazil,Americas,"roasted marshmallow,nougat,dark chocolate",
163,Ethiopia Gogugu,Camber,,Washed,2140,Ethiopia,Africa,"pomelo,mango,jasmine",Heirlooms
164,Goodnight Moon Decaf,Camber,,Swiss Water Decaf,0,Ethiopia,Africa,"vanilla,blueberry,navel orange",
165,Peru La Union,Camber,La Union,Washed,1800,Peru,Americas,"bosc pear,brown sugar,melon","Typica,Caturra"
166,Zambia Mafinga Hills Decaf,Camber,Kateshi & Isanya Estates,EA Decaf,1470,Zambia,Africa,"red apple,concord grape,cranberry","Java,Catimor 129"
167,Guatemala El Bosque,Camber,,Washed,1750,Guatemala,Americas,"dark chocolate,pear,plum","Caturra,Bourbon"
168,Antigua,Capeuleu,,Washed,0,Guatemala,Americas,,
169,Dota Tarrazu Santa Maria,Cedar Spokes,,Pulp Natural,0,Costa Rica,Americas,"brown sugar,vanilla,lemon",
170,Banko Michica,City of Saints,Degefa Sema,Natural,2000,Ethiopia,Africa,"raspberry candy,strawberry rhubarb pie",Heirlooms
171,Nano Challa,Climpson & Sons,,Washed,1900,Ethiopia,Africa,"vanilla,grape,peach",Heirlooms
172,Ubwiza,Coava,Ubwiza Bwikawg Co-op,Washed,1600,Burundi,Africa,,"Bourbon,Mibirizi"
173,Coava - Burundi,Coava,,Washed,0,Burundi,Africa,,
174,Nathalia Maria,Coava,Nathalia Maria,Natural,1200,Brazil,Americas,"red apple,roasted macadamia nuts",Red Catuai
175,Costa Rica,Coffee Works Project,,Honey,0,Costa Rica,Americas,,"Caturra,Catuai"
176,Ethiopia Yirgacheffe Gelana Abaya,Conduit Coffee Company,Gelana Abaya co-op,Washed,1950,Ethiopia,Africa,"caramel,green apple,cocoa powder",Heirlooms
177,Kilimanjaro AA,Curio Coffee,,Washed,1550,Tanzania,Africa,"raisin,pear,maple syrup",
178,Curva - Peru,Curva,,Washed,0,Peru,Americas,,
179,Ethiopia,Cuvee,,Natural,2025,Ethiopia,Africa,,Heirlooms
180,Jackalope,Cuvee,,Washed,1900,Colombia,Americas,"citrus,malt",Caturra
181,Lost Highway,Dark Arts Coffee,,Washed,0,Nicaragua,Americas,,
182,Love Supreme,Dark Matter,,Washed,0,Blend,Blend,,
183,Entrepreneur Blend,Dillano,,Natural,0,Blend,Blend,"clove,crisp",
184,Cleotilde Quinchana,Dorothea,,Washed,0,Ecuador,Americas,tropical fruit,
185,Ethiopia Sidamo Basha Bekele,Drink Coffee Do Stuff,Basha Bekele,Natural,1900,Ethiopia,Africa,"brown sugar,fruit punch,fragant",Heirlooms
186,Santarossa Blend,Dune,,Natural,0,Brazil,Americas,"roasted,pie,cream,cream,sugar",Various
187,Honduras Olvin Fernandez,Dune,Olvin Fernandez,Washed,0,Honduras,Americas,"milk chocolate,red apple,nougat",Catuai
188,El Pilar Lot 4,Elm Coffee Roasters,,Washed,0,Guatemala,Americas,"watermelon,brown sugar,mango","Caturra,Typica,Bourbon"
189,Elm Seasonal Decaf,Elm Coffee Roasters,,EA Decaf,0,Colombia,Americas,"round,sweet",
190,Andres Pablo,Elm Coffee Roasters,,Washed,0,Guatemala,Americas,"caramel,lime",
191,Buzira Washing Station,Embrace,Buzira Washing Station,Washed,0,Burundi,Africa,,
192,Kayon Mountain,Embrace,Kayon Mountain,Washed,0,Ethiopia,Africa,,
193,Finca Isabelita,Embrace,Finca Isabelita,Washed,0,Guatemala,Americas,,
194,La Yerba Women Producers,Embrace,La Yerba Women Producers,Natural,956,Mexico,Americas,"gummy bear,dark chocolate",Caturra
195,Congo,Empire,,Washed,0,Congo,Africa,"plum,ginger,brown sugar",
196,Ethiopa Guiji Kercha Natural,Empire,,Natural,0,Ethiopia,Africa,,
197,Honduras Santa Elena,Empire,,Washed,0,Honduras,Americas,"lemon,honey,orange,caramel",
198,Guatemala El Injerto Natural,Equator,Arturo Aguirre,Natural,5750,Guatemala,Americas,"blueberry,star anise,red apple",Red Catuai
199,San Antonio,Figure 8 Purveyors,Multiple,Washed,1800,Colombia,Americas,"green apple,chocolate,currant,raisin",
200,Sheka Kawo Kamina Natural,Flat Track,Heleanna Georgalis,Natural,2000,Ethiopia,Africa,"cream,biscoff cookie,cotton candy","Ethiopia Landraces,Gemadro"
201,"Colombia Huila, ALIMUCAES Womens Project",Form & Function,Alimucaes Womens Project,Washed,1900,Colombia,Americas,"orange blossom,white peach,rose","Colombia,Castillo,Caturra"
202,San Isidro 27 - Las Lajas,Fulcrum,Chacan Solano Family,Natural,1650,Costa Rica,Americas,"red wine,bright,cherry,lemon,juicy",San Isidro 27
203,Decaf,Fulcrum,,Swiss Water Decaf,0,Colombia,Americas,,
204,China Menglian Daya,Fulcrum,,Washed,0,China,Asia,"honey,sweet,berry,black tea",
205,Los Naranjales,Fulcrum,Mynow Cano,Washed,1500,Guatemala,Americas,"raspberry,strawberry,yellow fruit,sweet","Mundo Novo,Bourbon,Caturra,Catuai"
206,Doi Saket,Fulcrum,Nui & Aoy,Washed,1300,Thailand,Asia,"creamy,green apple,milk chocolate,lemon",Typica
207,Centroamericano,Fulcrum,CecilianoáFamily,Natural,1350,Costa Rica,Americas,"round,orange,lime,cherry yogurt","F1 Hybrid,Centroamericano"
208,Colombia,Gaslight Coffee Roasters,,Washed,0,Colombia,Americas,,
209,La Bendicion El Beso la Piedra,George Howell,La Soledad,Washed,5150,Guatemala,Americas,"mandarin orange,lime,apple","Bourbon,Caturra,Catuai"
210,Yemen,George Howell,,Washed,0,Yemen,Asia,,
211,Alaka,Go Get Em Tiger,Metad,Washed,2050,Ethiopia,Africa,"herbal tea,lemon,cherry",Heirlooms
212,La Piramide,Go Get Em Tiger,,Washed,1850,Colombia,Americas,"crisp,apple pie",Caturra
213,Minor Monuments,Go Get Em Tiger,,Washed,0,Blend,Blend,"dark chocolate,toffee,cherry",
214,Ardi,Hagen,,Natural,1950,Ethiopia,Africa,"strawberry,black cherry,floral honey",Heirlooms
215,Costa Rica Las Lajas,Hagen,Las Lajas Farm & Mill,Natural,1575,Costa Rica,Americas,"raspberry,fruit punch,cherry wine",Villa Sarchi
216,Ethiopia Naga Singage,Hagen,,Natural,1900,Ethiopia,Africa,"fruit punch,mango",Heirlooms
217,Kenya Swiss Water Decaf,Hagen,,Swiss Water Decaf,0,Kenya,Africa,"sweet,red grape","SL34,SL28"
218,Finca Santa Rosa,Hagen,,Natural,1500,El Salvador,Americas,"dark chocolate,red apple,pecan",Pacamara
219,Finca San Andres,Hagen,San Andres,Natural,1600,El Salvador,Americas,"walnut,honeydew melon,black currant",Pacamara
220,Cacemud,Haiti Coffee Company,,Washed,0,Haiti,Americas,"chocolate,nutty","Bourbon,Typica,Blue Mountain,Caturra"
221,Colombia Decaf,Halfwit,Agprocem,EA Decaf,0,Colombia,Americas,"marshmallow,chocolate cake",
222,Ethiopia Kochere,Heart,,Washed,1900,Ethiopia,Africa,"honey,bergamot,hibiscus",Heirlooms
223,Ethiopia Yirgacheffe,Hedge,Bedhatu Jibicho,Natural,1850,Ethiopia,Africa,"lemon,jasmine,blackberry",Heirlooms
224,House Drip,Herkimer,,Washed,0,Blend,Blend,"dark chocolate,black cherry,caramel",Bourbon
225,Conscientious Objector,Highwire,,Washed,0,Blend,Blend,"smooth,milk chocolate,sweet,milk,creamy,chocolate",Arabica
226,Skeleton Key Decaf,Huckleberry,,EA Decaf,0,Colombia,Americas,"sweet,smoky,lemonade,nutty,bright,round,milk","Caturra,Typica,Bourbon"
227,Ethiopia Sidamo,Humblemaker Coffee,,Natural,0,Ethiopia,Africa,"blueberry,caramel,milk chocolate",
228,Cottonwood Creek Decaf,Humblemaker Coffee,,Swiss Water Decaf,0,Peru,Americas,"chocolate,caramel,orange",
229,Bolivia Geisha,Intelligentsia,,Washed,0,Bolivia,Americas,,
230,Peru,Intelligentsia,,Washed,0,Peru,Americas,,
231,Rwanda,Intelligentsia,,Washed,0,Rwanda,Africa,,
232,Santuario Red Typica,Intelligentsia,Camilio Merizalde,Washed,0,Colombia,Americas,"lime,plum,pomegranate",Red Typica
233,Tres Santos,Intelligentsia,Jose Alberto Diaz & Fausto Lasso,Washed,0,Colombia,Americas,"raisin,raw sugar,lemon curd",Caturra
234,Guatemala,Ipsento,Finca Guayabales,Washed,0,Guatemala,Americas,"solid body,red grape,toffee","Bourbon,Caturra"
235,Santa Isabel / Guatemala,Irving Farm,Alex & Martin Keller,Washed,1300,Guatemala,Americas,"butterscotch,lemon zest,vanilla","Catuai,Caturra,Bourbon"
236,Rwanda Lake Kivu,Java House,,Washed,0,Rwanda,Africa,"citrus,floral,dark chocolate",
237,La Familia Guarnizo,Joe Coffee,Guarnizo Family,Washed,1700,Colombia,Americas,"sugar,sweet,tangerine,pecan",Caturra
238,Ejo Heza,Joe Coffee,Kopakoma Cooperative,Washed,1800,Rwanda,Africa,"orange blossom,red plum,custard",Bourbon
239,Mirolindo,Junior's Roasted Coffee,"Dorian Felipe Osorio, Rolando Cordoba, and Onias Suarez",Washed,1700,Colombia,Americas,"orange,brown sugar,vanilla","Caturra,Colombia"
240,Sitio Belis,Kalsada,,Yellow Honey,0,Philippines,Asia,,
241,Burundi Nemba Natural,Kickapoo,,Natural,1900,Burundi,Africa,"blackberry,red currant,lime",Red Bourbon
242,Burundi Nemba Washed,Kickapoo,,Washed,1900,Burundi,Africa,sugar cookie,Red Bourbon
243,Ethiopa Kirite,Kickapoo,,Washed,2050,Ethiopia,Africa,"honey,floral,lime","Kurume,Dega"
244,Fondo Paez Cooperative,Kickapoo,Fondo Paez Cooperative,Washed,1750,Colombia,Americas,,"Bourbon,Typica,Colombia"
245,Kenya Mbeguka,Kickapoo,,Washed,1650,Kenya,Africa,"tangerine,cranberry,red fruit","Ruiru 11,SL28"
246,Misty Valley,Kuma,,Natural,1950,Ethiopia,Africa,"cotton candy,sweet tea",Heirlooms
247,Shakiso,Kuma,,Natural,1750,Ethiopia,Africa,"lemon meringue,strawberry pop tart,white chocolate",Heirlooms
248,Bear Claus,Kuma,,Washed,0,Blend,Blend,,
249,Bella Carmona,Kuma,,Washed,0,Guatemala,Americas,"brownie,pink lady apple,dulce de leche",Bourbon
250,Colombia Excelso,Kuma,Agprocem,Swiss Water Decaf,1800,Colombia,Americas,"praline,pomelo,milk chocolate",Caturra
251,Elvis Enamorado,Kuma,,Washed,0,Honduras,Americas,"pineapple,cane sugar,black cherry",Pacas
252,Nansebo,Kuma,,Washed,0,Ethiopia,Africa,"red currant,raspberry,dark chocolate",Heirlooms
253,Nyeri Hill,Kuma,,Washed,0,Kenya,Africa,"passion fruit,cherry,black currant,pinot noir",SL28
254,Guji,Kuma,,Washed,2050,Ethiopia,Africa,"black tea,bright,raspberry,mango,cane sugar,fruity,round,tea,sugar",Heirlooms
255,Bedhatu Jibicho,Kuma,Bedhatu Jibicho,Natural,1850,Ethiopia,Africa,"peach gummies,chocolate nibs,strawberry jam",Heirlooms
256,Sun Bear,Kuma,,Washed,0,Blend,Blend,"creamy,bitter,complex,sweet","SL28,Heirlooms,SL34"
257,Nyamyumba,Kuma,,Washed,1750,Rwanda,Africa,"mandarin orange,heath bar,raspberry",Bourbon
258,Konga Cooperative,La Terza,Konga Cooperative ,Washed,0,Ethiopia,Africa,"peach,white grape,floral,honeydew,milk chocolate",Heirlooms
259,Diablo,Ladro Roasting,,Washed,0,Blend,Blend,"brown sugar,walnut,baker's chocolate",
260,Ardi,LaMill,,Natural,0,Ethiopia,Africa,"floral,citrus",Heirlooms
261,Lighthouse Blend,Lighthouse,,Washed,0,Blend,Blend,"dark chocolate,medium bodied,fruit",
262,Companion,Little Wolf,,Washed,0,Blend,Blend,"berry,creamy,chocolate",
263,Gatare,Little Wolf,,Washed,1765,Rwanda,Africa,"plum candy,juicy,orange",Bourbon
264,Ethiopia Bushan Dimo,Lone Pine Coffee Roasters,,Natural,0,Ethiopia,Africa,,
265,Peru Wilmer Cardoza,Lone Pine Coffee Roasters,,Washed,0,Peru,Americas,"bittersweet cocoa,cherry,stewed plum",
266,Decaf Colombia Traviesa,Lone Pine Coffee Roasters,,EA Decaf,0,Colombia,Americas,"lime,strawberry,clover honey,nectarine",
267,Vernal Creation,Looking Homeward,Rosalio Ventura,Natural,0,Honduras,Americas,"tamarind,hard candy,tropical punch",Obata
268,Tano Ndogo,Mad Cap,MUURU FAMILY AND FRIENDS,Washed,1850,Kenya,Africa,"citrus,ripe fruit,floral",SL28
269,Corazon,Mad Cap,Efrain Salvador Carhuallocllo,Washed,2000,Peru,Americas,"milk chocolate,sweet,dates,peach",Yellow Caturra
270,Colombia / Gomez Decaf,Maquina,Multiple,EA Decaf,0,Colombia,Americas,"dark chocolate,creamy,vanilla","Caturra,Castillo"
271,Honduras  Finca Emmanuel,Maquina,Familia Nolasco,Washed,0,Honduras,Americas,"chocolate,toffee,sweet",Pacas
272,Decaf,Medici,,EA Decaf,1750,Colombia,Americas,"raspberry scone,marzipan,white grape","Caturra,Castillo"
273,Cauca At'e,Megaphone,,Washed,0,Colombia,Americas,"honey,citrus",
274,Magdelana,Merit,,Washed,0,Colombia,Americas,"green apple,chocolate mousse,silky","Caturra,Castillo,Heirlooms"
275,Sugarcane Decaf,Merit,,EA Decaf,1800,Colombia,Americas,"vanilla bean,clove,strawberry","Colombia,Castillo,Caturra"
276,"Colombia, Cuaca - EA Decaf",Methodical,,EA Decaf,0,Colombia,Americas,"graham,lemon peel,sweet fruit",
277,Finca Medina,Methodical,Finca Medina,Natural,1600,Guatemala,Americas,"tangerine,pineapple,lemon","Bourbon,Marsellesa"
278,Colombia Nelson Chaves,Metric,Nelson Chaves,Washed,2000,Colombia,Americas,"sugar cookie,rosehips,tangerine jelly","Caturra,Castillo"
279,La Comunion,Metric,Beneficio San Vicente,Honey Washed,0,Honduras,Americas,"milk chocolate,lemon,honey","Parainema,Bourbon,Catuai"
280,Lake City Blend,Metropolis,,Washed,0,Blend,Blend,"malt,buttery,lemon",
281,,Milimetrica,,Washed,0,Blend,Blend,,
282,Moab - Ethiopia,Moab Coffee Roasters,,Natural,0,Ethiopia,Africa,"creamy,blueberry",
283,,Monkey Coffee,,Washed,0,Peru,Americas,,
284,Eyasu Worasag,Mother Tongue Coffee,Eyasu Worasag,Washed,2000,Ethiopia,Africa,"pink grapefruit,blackberry","Heirlooms,Dega"
285,Decaf Fincas Mierisch,Mother Tongue Coffee,Eleane Mierisch,Swiss Water Decaf,1325,Nicaragua,Americas,"cake,smooth,fermented,sweet,juicy","Java,Yellow Pacamara,Red Pacamara,Red Catuai,Red Bourbon"
286,San Rafael,Moustache Coffee Club,,Washed,1950,Colombia,Americas,"molasses,black currant,chocolate",Caturra
287,Santa Julia,Moustache Coffee Club,Salaverria Family,Washed,1545,El Salvador,Americas,"milk chocolate,almond,red grape","Bourbon,Pacas"
288,Ethiopia,Neckar,Kenisa,Washed,0,Ethiopia,Africa,"cane sugar,citrus,floral",Heirlooms
289,,Neira Café Lab,,Washed,0,Peru,Americas,,
290,Benti Nenqa,Noble,Multiple,Natural,2000,Ethiopia,Africa,"blackberry,banana,orange peel",Heirlooms
291,Bonita Natural,Novo,Finca Bonita Springs,Natural,0,Panama,Americas,"pineapple,raspberry,rose",Caturra
292,Pinavete Natural,Novo,,Natural,0,Nicaragua,Americas,"peach,raspberry,molasses",Caturra
293,Ethiopia Layo Taraga,Oddly Correct,Haro Wachu Farmers,Washed,2000,Ethiopia,Africa,"pear,cream,orange,brown sugar,peach,rooibos tea",Bourbon
294,Adisu Kindane Natural Organic,Olympia,,Natural,0,Ethiopia,Africa,chocolate,
295,Amparo Pajoy,Olympia,Amparo Pajoy,Washed,1700,Colombia,Americas,"citrus,brown sugar,tropical fruit",Caturra
296,Banko,Olympia,Multiple,Washed,0,Ethiopia,Africa,"citrus zest,amaretto,cherry",Heirlooms
297,Decaf Asterisk,Olympia,,EA Decaf,0,Colombia,Americas,"milk chocolate,caramel,marshmallow",Caturra
298,El Socooro Java,Olympia,Juan Diego De La Cerda,,0,Guatemala,Americas,"jasmine,jam,candied citrus",Java
299,Hama,Olympia,Hama Cooperative,,0,Ethiopia,Africa,"peach,lemon,apricot",Heirlooms
300,Holiday Blend,Olympia,,Washed,0,Ethiopia,Africa,"spice,plum,citrus,berry",
301,La Palma,Olympia,,Washed,0,El Salvador,Americas,"hazelnut,dark chocolate,cherry","Pacas,Bourbon"
302,Little Buddy,Olympia,,Washed,0,Blend,Blend,"stone fruit,chocolate",
303,Lucas Melo,Olympia,Lucas Melo,Washed,2200,Colombia,Americas,"berry,brown sugar,cherry",Colombia F8
304,Mikuba,Olympia,,Washed,0,Burundi,Africa,"orange,tea,brown sugar",Bourbon
305,Ricardo Ariz Natural,Olympia,,Natural,0,El Salvador,Americas,"port,chocolate",Bourbon
306,Ariz Family SL28,Olympia,Migual Angel Ariz,Washed,0,El Salvador,Americas,"tea,brown sugar",SL28
307,Marta Mejia Micro Lot,Olympia,Marta Mejia,Washed,1650,Guatemala,Americas,"chocolate,rose,strawberry",
308,Gitwe Honey Micro Lot 1,Olympia,Multiple,Honey,0,Burundi,Africa,"chocolate,tea",
309,Desta Gola,Olympia,Desta Gola,Washed,0,Ethiopia,Africa,"jasmine,peach,berry jam","Dega,Kurume"
310,Coinacagro/Guatemala,Onda,Coinacagro Cooperative,Washed,1700,Guatemala,Americas,"chocolate,honey,sugar,apple,caramel,grapefruit",Heirlooms
311,Kiko's Coffee,Onda,"Francisco ""Kiko"" Ribeiro",Pulp Natural,1200,Brazil,Americas,"brown sugar,almond,milk chocolate",
312,Laos,Onda,The Four Families of Setapoung,Washed,1200,Laos,Asia,"black currant,dark chocolate",
313,Victor Calderon/Decaf,Onda,Victor Calderon,Swiss Water Decaf,1750,Guatemala,Americas,"almond crisp,cocoa pops milk,orange","Pache,Caturra,Red Bourbon"
314,Elizabeth Ortega/Guatemala,Onda,Elizabeth Ortega,Washed,1473,Guatemala,Americas,"grapefruit,cocoa,honey,apple,caramel,chocolate",Villa Sarchi
315,Monarch,Onyx Coffee,,Natural,1800,Blend,Blend,"red wine,dark chocolate,syrup",Heirlooms
316,Colombia La Palma Cristian Monroy,Onyx Coffee,El Volcan,EA Decaf,1550,Colombia,Americas,"black tea,strawberry,vanilla yogurt",Castillo
317,Decaf Colombia Medellin,Onyx Coffee,,Swiss Water Decaf,1550,Colombia,Americas,"apple,pecan,chocolate,sweet cream","Caturra,Castillo,Bourbon"
318,Hambela Buku,Onyx Coffee,,Natural,0,Ethiopia,Africa,"bergamot,raspberry,coconut water,slick",Heirlooms
319,Peru Maria Rojas,Onyx Coffee,Maria Rojas,Washed,1850,Peru,Americas,"apple,honey,dates,tangerine,white tea",Caturra
320,Southern Weather,Onyx Coffee,,Washed,1850,Blend,Blend,"juicy,candied walnut,milk chocolate,plum,citrus",
321,,Origen,,Washed,0,Peru,Americas,,
322,Suke Quto,Panther,Multiple,Washed,2200,Ethiopia,Africa,"floral,guava,orange zest,peach,lemon,juicy,silky,orange",Heirlooms
323,Guatemala Pulcal,Parlor Coffee,Maria Zelaya,Washed,1750,Guatemala,Americas,"fresh cream,rose,caramel","Caturra,Bourbon"
324,Posholl Cafe,Posholl Cafe,Rafael Huaman Quispe,,1500,Peru,Americas,,Arabica
325,El Socorro Maracaturra,PT's Coffee Roasting Co.,Juan Diego De La Cerda,Washed,5750,Guatemala,Americas,"cocoa powder,navel orange,red grape",Maracaturra
326,MWP Decaf Huerta del Rio,PT's Coffee Roasting Co.,Jose Vasquez,Swiss Water Decaf,6150,Mexico,Americas,"graham cracker,cocoa,raisin",Heirlooms
327,Sun Liner Blend,Push & Pour,,Washed,0,Blend,Blend,"green apple,salted caramel,cocoa powder,chocolate cake",
328,Integral Blend,Q.E.D Coffee,,Washed,0,Blend,Blend,,
329,"Peru - Flor de Selva, La Coipa, San Ignacio",Q.E.D Coffee,,Washed,1950,Peru,Americas,marshmallow,"Red Caturra,Pache,Bourbon"
330,Reina y Pavel,Quentin,,Natural,1350,Mexico,Americas,"orange peel,frese,cacao","Caturra,Bourbon"
331,Decaf Colombia Huila,Quills,,EA Decaf,0,Colombia,Americas,"lemon,brown sugar,nougat",
332,Guatemala Huehuetenango,Quills,,Washed,0,Guatemala,Americas,"caramel,red apple,peach",
333,Honduras: Las Flores,Quills,,Washed,0,Honduras,Americas,"milk chocolate,grape,caramel",Catuai
334,Horse Feathers,Quills,,Washed,0,Blend,Blend,"syrup,apple,lavender,cooked peach",
335,Yabitu Koba,Revelator,,Natural,0,Ethiopia,Africa,bright,
336,Chirinos,Reykavik Roasters,,Washed,0,Peru,Americas,caramel,"Caturra,Bourbon"
337,Dona Nenem,Reykavik Roasters,,Honey Natural,0,Brazil,Americas,"tobacco,hazelnut,dark chocolate",Yellow Bourbon
338,Los Gigantes,Ritual,Gigante Area Producers,Washed,1700,Colombia,Americas,"meyer lemon,dark chocolate,cranberry",Caturra
339,Decaf Los Gigantes,Ritual,Los Gigantes Producers,EA Decaf,1700,Colombia,Americas,"blackberry,chocolate,cedar,banana,nutty,sweet,jam,sugar,bright,dried fruit","Castillo,Colombia,Caturra"
340,Burundi,Ritual,Munyinya Hill Area Producers,Washed,0,Burundi,Africa,"blackberry,grapefruit,graham cracker",Bourbon
341,Las Manos,Ritual,Santos Alexis Dominguez,Washed,1550,Honduras,Americas,"yerba mate,turbinado sugar,grapefruit","Pacas,Typica"
342,Las Nubes,Saint Frank,Alexi Moreno,Washed,0,Honduras,Americas,"tropical fruit,creamy",
343,Bali Kintamani Natural,Seattle Coffee Works,,Natural,0,Indonesia,Asia,"macadamia nut,chocolate,raspberry","Bourbon,Djember,Typica Linie S"
344,Divisadero,Seattle Coffee Works,,Washed,0,El Salvador,Americas,,
345,Guatemala Huehuetenango La Esperanza Pacamara,Seattle Coffee Works,Aurelio Villatoro,Washed,1550,Guatemala,Americas,"white grape,honeydew,lavender",Pacamara
346,Panama,Seattle Coffee Works,,Natural,0,Panama,Americas,"red grape,brown sugar,cocoa","Caturra,Catuai"
347,Panama,Seattle Coffee Works,Carlos Aguilera Franceschi,Washed,1700,Panama,Americas,"pecan,molasses,elderberry","Catuai,Caturra"
348,Yirgacheffe,Seattle Coffee Works,,Natural,0,Ethiopia,Africa,,
349,Cup of Excellence #21,Sey Coffee,Nelson Ramirez,Washed,1600,Honduras,Americas,"apple,kiwi,chocolate",Catuai
350,Colombia,Sight Glass,,Washed,0,Colombia,Americas,"concord grape,red apple,toffee",
351,Hunky Dory,Sight Glass,,Washed,0,Blend,Blend,"elderberry,flan,cocoa",
352,Colombia,Sight Glass,,Washed,0,Colombia,Americas,,
353,Catalyst,Sir Owlvericks,,Washed,1500,Honduras,Americas,"vanilla,peanut,cola,orange zest",
354,TIMOR-LESTE LETEFOHO LEBUDU KRIAK,Sisters,Multiple,Washed,1350,Timor-Leste,Asia,"brown sugar,plum,milk chocolate","Typica,Timor Hybrid"
355,Cream + Sugar,Slate Coffee Roasters,,Pulp Natural,0,Guatemala,Americas,"brown sugar,dark chocolate,toasted almond","Caturra,Bourbon"
356,Ethiopia Adisu Kidane,Slate Coffee Roasters,Adisu Kidane,Natural,1925,Ethiopia,Africa,,Heirlooms
357,Ethiopia Guji Shakiso Natural,Souvenir,Multiple,Natural,0,Ethiopia,Africa,"delicate,jasmine tea,floral,melon candy",
358,Rwanda Coko Kula,Souvenir,Twongere Kawa Coko & Kula Project,Washed,0,Rwanda,Africa,"minty,wintermelon tea,honey boba,grass jelly",
359,Decaf La Serrania,Sparrows,,EA Decaf,0,Colombia,Americas,"molasses,sugar","Caturra,Castillo"
360,Ethiopia Dimtu Tero,Sparrows,Getachew Zeleke,Washed,0,Ethiopia,Africa,"jasmine,delicate,soft acidity,meyer lemon,melon",Heirlooms
361,Torea,Spyhouse,,Washed,0,Ethiopia,Africa,"sweet tea,peach,elderflower",Heirlooms
362,Wegida,Square Mile,,Washed,0,Ethiopia,Africa,"orange blossom,syrup,peach",Heirlooms
363,Desvelado Decaf,Stamp Act,Acevedoa,EA Decaf,1600,Colombia,Americas,"black cherry,almond,mandarin orange","Tabi,Colombia,Castillo,Caturra"
364,Finca El Arrollo,Stamp Act,Finca El Arrollo,Washed,1650,Guatemala,Americas,"rose,honeydew",Caturra
365,Easy Does It,Stay Golden,,Washed,1650,Colombia,Americas,"citrus,brown sugar,ripe fruit","Castillo,Caturra,Colombia"
366,Hutwe,Stay Golden,Virunga Coffee Company,Washed,1700,Congo,Africa,"sweet,pineapple",Bourbon
367,Valle Verde,Stay Golden,,Washed,1650,Peru,Americas,"apricot,coffee cherry,juicy","Bourbon,Typica,Caturra,Catimor"
368,Neighbors & Crops,Steady State,Gustavo Parrado,Natural,1650,Colombia,Americas,"lemon verbena,marshmallow,strawberry shortcake",Castillo
369,Rutsiro Mushonyi,Sterling Coffee Roasters,,Washed,1900,Rwanda,Africa,"honey,dried apples",Bourbon
370,Amigos Del Huila,Street Bean,Amigos del Huila,EA Decaf,1750,Colombia,Americas,"peach,wildflower,fruit salad",Caturra
371,Ines Perafan,Street Bean,Ines Perafan,Washed,1600,Colombia,Americas,"chocolate ganache,juicy plum",Caturra
372,La Yerba Women Producers,Street Bean,La Yerba Women Producers,Natural,900,Mexico,Americas,"pan dulce,lime,tamarind,apricot","Caturra,Bourbon"
373,Roosevelt Blend,Street Bean,Aspoguate & Majomut Cooperative,Washed,1300,Blend,Blend,"caramel,muscovado sugar",Heirlooms
374,Sicobi,Street Bean,,Washed,0,Mexico,Americas,,"Typica Pluma,Caturra,Mundo Novo"
375,Suke Quto,Street Bean,Tesfaye Bekele's Suke Quto Farm & Washing Station,Washed,2000,Ethiopia,Africa,"peach,blackberry pastry,jasmine","Kurume,Wolicho"
376,Chelchele,Street Bean,,Natural,0,Ethiopia,Africa,"apricot,tamarind,jasmine,limoncello",
377,Las Lajas,Street Bean,Las Lajas Farm & Mill,Honey,1400,Costa Rica,Americas,"toasted coconut,cocoa,strawberry,walnut,vanilla,dates","Catuai,Caturra,Villa Sarchi"
378,Hometown,Sweet Bloom,Multiple,Washed,6000,Blend,Blend,"blackberry,praline",Heirlooms
379,Sun Lamp Decaf,Tandem,,EA Decaf,0,Blend,Blend,sweet,Various
380,Colombia Decaf,Temple,,Swiss Water Decaf,0,Colombia,Americas,"cherry,milk chocolate,citrus",
381,Costa Rica Sonora Estate Venecia Honey,Temple,Sonora Estate,Honey,1250,Costa Rica,Americas,"hazelnut,cacao nibs,pear",Venecia
382,Akmel Nuri,The Coffee Collective,Akmel Nuri,Natural,1850,Ethiopia,Africa,"french nougat,cantaloupe,syrup",Heirlooms
383,Finca Vista Hermosa,The Coffee Collective,Edwin Martinez Pineda,Washed,1750,Guatemala,Americas,,"Pache,Caturra,Yellow Bourbon,Red Bourbon"
384,Colombia,Thump Coffee Roasters,,Washed,0,Colombia,Americas,,
385,Fazenda Recreio,TimberTrain,,Pulp Natural,0,Brazil,Americas,"peanut butter,orange,milk chocolate",Yellow Bourbon
386,Finca Nueva Linda,TimberTrain,,Natural,0,Mexico,Americas,"caramel,cocoa,wine acidity",Catuai
387,Indonesia,Tin Umbrella,,Washed,0,Indonesia,Asia,,
388,Carmelita,Tony,,Washed,0,Blend,Blend,,
389,Ethiopia Tega & Tula,Vagrant,,Natural,0,Ethiopia,Africa,"jasmine tea,juicy,blueberry lemon muffin",
390,Peru Cenfrocafe,Vagrant,,Natural,0,Peru,Americas,"chocolate covered almond,vanilla bean,creamy,medium bodied,lavender honey",
391,Seabright House Blend,Verve,,Washed,1850,Colombia,Americas,"coconut,round,sweet",
392,Alexander Martinez,Verve,Alexander Martinez,Washed,1700,Honduras,Americas,"pineapple,layered,cherry","Bourbon,Pacas"
393,El Tesoro Tabi,Verve,,Washed,0,Colombia,Americas,"grapefruit,pomegranate,lasting",
394,Juan Benitez,Verve,,Washed,0,Honduras,Americas,"round,dried blueberry,star fruit",
395,Rio Blanco,Verve,,Washed,0,Colombia,Americas,"shortbread,buttery,key lime",
396,Yacuanquer,Verve,Narino Municipality,Washed,2000,Colombia,Americas,"lasting,buttercream,apricot","Caturra,Castillo,Colombia"
397,Denis Teruel,Victrola,,Washed,0,Honduras,Americas,"cocoa,red apple,toasted almond","Bourbon,Pacas"
398,Nicaragua Mozonte Finca Un Regalo de Dios El Aserradero,Victrola,Luis Alberto Balladerez,Honey,1650,Nicaragua,Americas,"pepper,melon,sweet pea,nutmeg,plum,milk chocolate,toasted rice",Red Catuai
399,Guatemala,Victrola,Finca Chejoj,Washed,1700,Guatemala,Americas,"red apple,chocolate roasted hazelnut","Caturra,Catuai"
400,Ethiopia Konga,Westbean,Konga Cooperative,Washed,2100,Ethiopia,Africa,"nougat,almond butter,narcissus,peach",Heirlooms
401,Costa Rica Romelia,Westbean,Manual Rojas Arias,Washed,1400,Costa Rica,Americas,"milk chocolate,sweet pear,butter pecan","Catuai,Caturra"
402,Project Congo Muungano,Wonderstate,Muungano Cooperative,Washed,1800,Congo,Africa,"spice,tangerine",Bourbon
403,Burundi Nemba,Wonderstate,Nemba Washing Station,Washed,1950,Burundi,Africa,"apricot,meyer lemon,red currant","Red Bourbon,Jackson"
404,El Salvador El Balsamo Finca Las Nubes,Wrecking Ball,Finca Las Nubes,,0,El Salvador,Americas,"orange,chocolate,walnut",
1100,71 House Blend,Irving Farm,,Washed,1350,Blend,Blend,"round,milk,smooth,chocolate","Catuai,Bourbon,Caturra"
1101,Blackstrap Blend,Irving Farm,,Washed,1200,Blend,Blend,milk,"Catuai,Catimor,Typica,Heirlooms,Icatu,Caturra,Pacas,Mundo Novo,Bourbon"
1102,Hudson,Irving Farm,,Washed,1300,,,roasted,"Pacas,Catuai,Bourbon,Typica,Caturra,Catimor"
1126,Streetlevel,Verve,,Washed,1500,,,"balance,sweet,stone fruit,citrus,milk",
1140,Sermon,Verve,Multiple,Washed,1200,Blend,Blend,"chocolate,dark chocolate,substantial,blueberry,sweet",
1141,Buena Vista,Verve,Multiple,Washed,1700,Blend,Blend,"chocolate,dark chocolate",
1147,Decaf Blackstrap,Irving Farm,,EA Decaf,800,,,"caramel,raisin,spice,milk,smooth",
1162,Keystone Blend,ReAnimator Coffee Roasters,,Washed,9999,Blend,Blend,"light,clean","Heirlooms,Castillo,Caturra"
1163,Foundation Blend,ReAnimator Coffee Roasters,,Washed,9999,Blend,Blend,roasted,"Caturra,Heirlooms,Bourbon"
1168,Zip Zinger,Dune,,Washed,9999,,,"stone fruit,caramel,milk,chocolate,super",Various
1170,Presidio Decaf,Dune,,EA Decaf,9999,,,"brown sugar,sugar,chemical,chocolate,citrus",Various
1171,House Blend,Dune,,Washed,9999,Blend,Blend,"malt,apple,balance,creamy",Various
1180,Buffalo Blend,Airship,,Washed,9999,Blend,Blend,"crisp,apple,almond,honey,green apple,smooth",Bourbon
1187,West Coast,Panther,,Washed,9999,,,"grape,light,concord grape,sweet,bright,citrus,raspberry,lemonade,chocolate",Various
1188,Water Processed Decaf,Panther,,EA Decaf,9999,,,"chocolate,creamy,sweet,honey",Red Catuai
1191,Blacksmith Espresso,Quills,,Washed,945,,,milk,"Castillo,Colombia,Yellow Catuai"
1211,Bright,Kuma,,Washed,1800,,,"tropical fruit,floral,bright,citrus,berry",Heirlooms
1212,Balanced,Kuma,,Washed,1400,,,"silky,sweet,balance","Castillo,Colombia,Caturra,Catuai,Pacas,Bourbon"
1223,Eternal Flame,Gimme!,,Washed,9999,,,"roasted,nutty,creamy,caramel","Topazio,Mundo Novo,Bourbon,Red Catuai,Yellow Catuai"
1230,House Blend,Atomic,,Washed,1200,Blend,Blend,"milk,milk chocolate,smooth,chocolate,nutty","Catuai,Caturra,Bourbon,Typica"
1231,"Serra Negra, Brazil",Quills,,Pulp Natural,9999,Brazil,Americas,"citrus,nutty,clean,milk,milk chocolate,silky,chocolate","Bourbon,Typica,Catuai"
1232,"Gran Galope, Colombia",Quills,,Washed,9999,Colombia,Americas,"balance,honey,almond,sweet,caramel,chocolate","Castillo,Caturra,Colombia"
1234,Time and Temperature,Tandem,,Washed,9999,,,,"Colombia,Caturra,Heirlooms,Castillo"
1235,Darkness,Gimme!,,Washed,9999,,,"roasted,bitter,balance,silky,brownie,sugar,cocoa",Bourbon
1237,Leftist Espresso,Gimme!,,Washed,9999,,,"tangerine,sweet,pecan,sugar","Caturra,Bourbon,Typica,Pache,Catimor"
1238,FTW (For The Win),AKA,,Washed,9999,,,clean,"Bourbon,Caturra,Heirlooms"
1239,OMG (Oh My God),AKA,,Washed,9999,,,,"Villa Sarchi,Heirlooms"
1248,ORG Espresso,Klatch,,Washed,9999,,,"walnut,marshmallow,molasses,super,clean,sweet",Various
1256,French Roast,Klatch,,Washed,9999,,,"chocolate,smooth,floral,berry,grape",Various
1258,Crazy Goat,Klatch,,Washed,9999,,,"toffee,spice,dark chocolate,complex,chocolate",Various
1268,Neon Espresso,Dogwood,Multiple,Washed,1800,,,"sweet,candy,citrus,bright,syrup,syrup","Catuai,Heirlooms"
1269,Bear Hug Espresso,Dogwood,Multiple,Washed,950,,,"brown sugar,cake,chocolate,berry,sweet,sugar,roasted","Typica,Caturra,Catuai,Yellow Bourbon,Bourbon"
1270,Mixtape,Dogwood,Multiple,Washed,1350,,,bright,"Bourbon,Catuai,Caturra,Colombia,Typica"
1279,Zamboni Cold Brew,Dogwood,"Carvalho Family (B), Haile Gebre (E)",Natural,950,Ethiopia,Africa,"chocolate,fruity,roasted,toffee,sweet,smooth","Yellow Bourbon,Heirlooms"
1290,Black Velvet,Atomic,,Washed,1000,,,"silky,smooth,spice,nutty,sugar,sweet,milk","Bourbon,Catimor"
1291,Rocketeer,Atomic,,Washed,1000,,,"spice,smooth,cedar,roasted,milk,citrus,chocolate","Bourbon,Catimor"
1292,Diesel,Atomic,,Washed,1000,,,"earthy,smoky","Catuai,Bourbon,Catimor,Typica"
1293,Cosmo,Atomic,,Washed,1000,,,"milk,chocolate,smooth,dark chocolate,black pepper,pepper,peanut butter,peanut","Heirlooms,Typica,Caturra,Catuai"
1294,Intensi,Atomic,,Washed,1300,,,"spice,dried fruit,walnut,roasted,smooth,chocolate","Catuai,Bourbon,Caturra,Typica"
1300,Parts & Labor Blend,Maquina,,Washed,1100,Blend,Blend,"floral,balance,smooth,chocolate","Catuai,Heirlooms"
1304,"Kanzu, Rwanda",George Howell,,Washed,2050,Rwanda,Africa,"cherry,sweet",French Mission Bourbon
1306,Blue Orchid Blend,Huckleberry,,Washed,1000,Blend,Blend,"caramel,sweet,chocolate,milk","Colombia,Bourbon,Castillo"
1307,Phantom Limb Blend,Huckleberry,,Washed,1700,Blend,Blend,berry,Heirlooms
1315,West End Blues,Tandem,,Washed,9999,,,complex,Mixed
1317,Stoker,Tandem,,Washed,9999,,,,Various
1320,Ethiopia Kochere,Atomic,,Washed,1900,Ethiopia,Africa,"peach,floral,black tea,tea,citrus,delicate",Heirlooms
1331,Sound & Vision,Huckleberry,,Washed,1000,,,"round,milk,caramel,chocolate","Heirlooms,Castillo,Caturra,Bourbon,Colombia"
1368,Petunias,Revelator,,Washed,9999,,,"chocolate,smooth,sweet,cocoa,cherry",Caturra
1369,Misfit,Revelator,,Washed,9999,,,"dark chocolate,chocolate,pecan,butterscotch,praline",Caturra
1373,Black Bear Blend,Airship,,Washed,9999,Blend,Blend,"walnut,roasted,sweet,complex",Mixed
1374,Sugar Cane Decaf,Airship,,EA Decaf,1600,,,sugar,Mixed
1377,Marco's,DOMA,,Washed,9999,,,"sugar,chocolate,cedar,sweet,spice,nutty,bright,brown sugar,walnut","Typica Peru,Typica Colombia,Pache,Caturra,Catuai,Castillo,Mundo Novo,Bourbon"
1380,Carmela's,DOMA,,Washed,9999,,,"caramel,sugar,almond,chocolate,brown sugar,smooth,dark chocolate","Caturra,Typica Guatemala,Castillo,Mundo Novo,Pache,Colombia"
1400,No.7 House Blend,Boxcar,,Washed,9999,Blend,Blend,"balance,sweet","Typica,Caturra"
1401,Decaf Colombia,Boxcar,,EA Decaf,9999,Colombia,Americas,sugar,"Castillo,Colombia,Caturra"
1402,Blendo Stupendo,Sterling Coffee Roasters,,Washed,1250,,,"roasted,caramel,chocolate","Caturra,Yellow Icatu"
1412,Caffe Del Sol,Caffe Vita,,Washed,9999,,,smooth,"Typica,Bourbon"
1413,Bistro Blend,Caffe Vita,,Washed,1000,Blend,Blend,"milk chocolate,cashew,caramel,milk,smooth,chocolate","Bourbon,Typica"
1414,Queen City,Caffe Vita,,Washed,1200,,,"light,balance,roasted,complex","Typica,Bourbon"
1415,Caffe Luna,Caffe Vita,,Washed,1500,,,light,"Typica,Bourbon"
1416,Theo Blend,Caffe Vita,,Washed,1500,Blend,Blend,"chocolate,smooth","Typica,Bourbon"
1426,Sumatra Gayo River,Caffe Vita,,Wet-hulled,1300,,,soil,"Ateng,Tim Tim,Typica Bergendal"
1430,Dharma Espresso Blend,Temple,,Washed,1000,Blend,Blend,"caramel,dried fruit,milk,berry,creamy,pecan,nutty,almond,cocoa",Various
1450,Three Pillars,Temple,Blend,Pulp Natural,1200,Blend,Blend,"sweet,brown sugar,sugar,cream,cream,cocoa,bittersweet cocoa,milk,dried fruit","Catuai,Bourbon,Mixed"
1460,Cold Front Signature Blend,PT's Coffee Roasting Co.,,Washed,9999,Blend,Blend,"maple syrup,sweet,fruity,syrup,round,creamy,caramel,syrup,lingering,grape,chocolate,smooth,blackberry",Various
1461,Ad Astra Signature Blend,PT's Coffee Roasting Co.,,Washed,9999,Blend,Blend,"chocolate,lingering,bittersweet chocolate,roasted,sugar,dark chocolate,cola,balance,sweet",Various
1462,John Brown Signature Blend,PT's Coffee Roasting Co.,,Washed,9999,Blend,Blend,"chocolate,sweet,juicy,cherry,dark chocolate,black cherry,tobacco",Various
1463,Flor Del Sol Signature Blend,PT's Coffee Roasting Co.,,Washed,9999,Blend,Blend,"caramel,crisp,sweet,fruity,balance,chocolate,silky",Various
1464,Flatlander Signature Blend,PT's Coffee Roasting Co.,,Washed,9999,Blend,Blend,"almond,nutty,chocolate,bittersweet chocolate,tangerine,caramel,round,sweet,roasted",Mixed
1465,Southpaw Espresso,PT's Coffee Roasting Co.,,Washed,9999,,,"peach,spice,floral,caramel,sugar,sweet,clean",Various
1466,Flying Monkey Espresso,PT's Coffee Roasting Co.,,Washed,9999,,,"smooth,chocolate,sweet,graham cracker,honey,milk",Various
1467,The Waverly,Joe Coffee,Brazil: Veloso Coffee; Peru: Cenfrocafe Co-Op,Washed,1200,Blend,Blend,balance,"Bourbon,Pache,Typica,Red Catuai,Caturra"
1469,Organic Espresso,Caffe Vita,,Washed,1200,,,,"Bourbon,Typica"
1470,Organic French Roast,Caffe Vita,,Washed,1500,,,"sweet,roasted,caramel","Bourbon,Typica"
1471,Novacella Decaf,Caffe Vita,,EA Decaf,1000,,,,"Typica,Bourbon"
1472,Owl's Howl,Sight Glass,,Washed,9999,,,,Various
1473,Organic Crown Point,Sight Glass,,Washed,9999,,,milk,Various
1474,Blueboon,Sight Glass,,Washed,9999,,,,Various
1475,Banner Dark,Sight Glass,,Washed,9999,,,,Various
1476,Organic Toketee,Sight Glass,,Washed,9999,,,,Various
1477,The Core Espresso,Highwire,,Washed,9999,,,"sweet,milk,cherry,caramel,crisp,creamy,chocolate,raisin",Arabica
1478,Tightrope,Highwire,,Washed,9999,,,"crisp,delicate,raw,sugar,balance,fruity,chocolate,raspberry,clean",Arabica
1480,Bauhaus,Highwire,,Washed,9999,,,"bittersweet chocolate,chocolate,sweet,cookie",Arabica
1481,After Hours Decaf,Highwire,,EA Decaf,9999,,,,Arabica
1487,"Bella Carmona, Guatemala",Highwire,,Washed,1575,Guatemala,Americas,"caramel,sweet,lime,full body,chocolate,blackberry,bright","Caturra,Bourbon"
1493,Colombia La Primavera Decaf,Gimme!,,EA Decaf,9999,Colombia,Americas,"molasses,sugar,sweet,silky,brown sugar","Caturra,Bourbon,Castillo"
1500,Organic Driftless,Wonderstate,,Washed,9999,,,"graham cracker,lingering,cocoa,roasted,sweet",Various
1501,Organic Off Grid,Wonderstate,,Washed,9999,,,"chocolate,smoky,super,sugar",Various
1502,Organic Big Dipper,Wonderstate,,Washed,9999,,,"chocolate,round,bittersweet chocolate",Various
1521,Hunky Dory Decaf,Sight Glass,,EA Decaf,9999,,,balance,Various
1526,Espresso Novo,Novo,,Washed,9999,,,"caramel,blueberry,balance,sweet",Various
1532,Bird Rock Blend,Bird Rock,,Washed,1400,Blend,Blend,spice,Heirlooms
1552,Guatemala Finca Nuevo Vinas,Caffe Vita,Keller,Washed,1350,Guatemala,Americas,bright,"Pacamara,Caturra,Catuai"
1565,The Daily,Joe Coffee,"Brazil: Veloso Coffee; Colombia: El Paraiso, Villa Esperanza",Washed,1066,Blend,Blend,"chocolate,milk,milk chocolate,dried fruit,super","Red Catuai,Catuai,Caturra,Colombia"
1566,Benchmark,Joe Coffee,,Washed,1200,,,"smooth,milk,sweet,almond,roasted,molasses,chocolate,dark chocolate",Bourbon
1567,Nightcap House Decaf,Joe Coffee,,EA Decaf,1000,,,"cocoa,honey,dried fruit","Red Catuai,Yellow Catuai"
1585,Hundred Mile,Stumptown,,Washed,9999,,,"sweet,milk",Various
1602,Four Leftys,Novo,,Washed,9999,,,"sweet,nutty,bright",Various
1603,Espresso del Fuego,Novo,,Washed,9999,,,creamy,Various
1604,Novo Decaf,Novo,,EA Decaf,9999,,,,Mixed
1605,Decaf Espresso Novo,Novo,,EA Decaf,9999,,,milk,Various
1616,Hair Bender,Stumptown,,Washed,9999,,,"complex,sweet",Various
1617,House Blend,Stumptown,,Washed,9999,Blend,Blend,"sweet,roasted,light",Various
1618,Holler Mountain,Stumptown,,Washed,9999,,,"bright,caramel,crisp,hazelnut,citrus,creamy",Various
1631,The Chronic,DOMA,,Washed,9999,,,"spice,chocolate,walnut,cedar","Bourbon,Caturra,Catuai"
1638,Pale Rider Decaf,Revelator,,EA Decaf,9999,,,"apple,caramel,milk,milk chocolate,chocolate,red apple,clean,sweet","Caturra,Castillo,Bourbon"
1660,ORG Decaf Espresso,Klatch,,EA Decaf,9999,,,"clean,cinnamon,milk,creamy,sweet",Various
1733,French Roast,Stumptown,,Washed,9999,,,"smoky,milk",Various
1782,Tarrazu,George Howell,,Washed,1550,,,smooth,"Caturra,Catuai"
1784,Tarrazu French,George Howell,,Washed,1550,,,"milk,cola,caramel,walnut","Catuai,Caturra"
1785,Tarrazu Espresso,George Howell,,Washed,1550,,,"smooth,roasted","Catuai,Caturra"
1786,Alchemy,George Howell,,Washed,1200,,,"sweet,milk,bright,raspberry,clean,chocolate","Caturra,Catuai"
1841,Virgil's,DOMA,,Washed,9999,,,"light,cedar,caramel,smooth,chocolate,dark chocolate",Bourbon
1877,Gotham Blend,Irving Farm,The Salaverria family,Washed,1350,El Salvador,Americas,"sugar,smoky","Catuai,Bourbon"
1902,Endless Summer,Equator,,Washed,9999,,,"juicy,bright",Various
1904,Eye Of The Tiger Espresso,Equator,,Washed,9999,,,"fruity,juicy,round,citrus",Various
1908,Ethiopia Sidama Ardi,Equator,Nardos Coffee,Natural,1775,Ethiopia,Africa,"lavender,sweet,fruity,smooth,clean,lemon,vanilla,meyer lemon",Heirlooms
1925,Space Cadet,Atomic,,Washed,1200,,,"clementine,sugar,sweet,cherry,smooth,nougat,burnt sugar","Heirlooms,Caturra,Typica"
1928,French Roast,Atomic,,Wet-hulled,1450,,,"milk,chocolate,spice,earthy","Typica,Bourbon,Catimor"
1960,Ethiopia Kochere,Airship,,Natural,1850,Ethiopia,Africa,"berry,smooth,complex,fruity,sweet",Heirlooms
2007,Emporium House Blend,Cuvee,,Washed,9999,Blend,Blend,complex,"Pacas,Caturra,Catuai,Bourbon,Pache"
2008,Jackalope Decaf,Cuvee,,EA Decaf,1900,,,savory,"Caturra,Colombia"
2009,Stella Cometa Espresso Blend,Cuvee,,Washed,1150,Blend,Blend,"clean,light","Pacas,Caturra,Pache,Yellow Catuai,Yellow Bourbon"
2010,Karmadillo Dark Espresso Blend,Cuvee,,Washed,1150,Blend,Blend,"milk,chocolate","Crowned Garuda,Heirlooms,Yellow Catuai,Caturra,Pache,Yellow Bourbon"
2011,West Pole Dark Roast,Cuvee,,Washed,9999,,,"roasted,spice,molasses,delicate","Colombia,Caturra"
2116,Antigua La Flor,George Howell,La Flor Del Cafe,Washed,1750,Guatemala,Americas,"nutty,bright,tangerine,sweet,chocolate","Bourbon,Caturra,Catuai"
2183,Milwaukee Rockstar Blend,Anodyne Coffee Roasters,Limoncillo Estate,Washed,800,Nicaragua,Americas,"light,roasted,dark chocolate,chocolate,spice",Various
2188,Mind Tonic Espresso,Anodyne Coffee Roasters,Multiple,Washed,1550,Blend,Blend,"citrus,almond,milk,milk chocolate,cherry,smooth,chocolate,roasted,juicy,round",Various
2204,Black Apple Espresso,Airship,,Washed,1300,,,"apple,juicy,cherry",Mixed
2297,Amsterdam,Joe Coffee,The Veloso Family,Natural,9999,Brazil,Americas,"sweet,smooth,milk,toffee",Red Catuai
2322,The Bowery,Oren's,,Washed,9999,,,"milk,complex,sweet,sugar,roasted,cinnamon,chocolate","Caturra,Castillo"
2324,Central Park,Oren's,,Washed,9999,,,"milk,milk chocolate,molasses,chocolate,smooth,full body,plum,complex",Caturra
2325,Two Bridges,Oren's,,Washed,9999,,,"balance,sweet,citrus,toffee,soft,smooth","Castillo,Bourbon,Caturra"
2327,Colombian,Oren's,,Washed,9999,,,"apple,full body,clean,green apple,smooth,crisp","Castillo,Caturra"
2329,Costa Rica La Minita,Oren's,,Natural,9999,,,"milk chocolate,plum,milk,honey,chocolate",Caturra
2331,Beowulf Blend,Oren's,,Washed,9999,Blend,Blend,sweet,"Caturra,SL28,Castillo,Kent"
2339,Old World Venezia,Klatch,,Washed,9999,,,"chocolate,smooth,dark chocolate,spice",Various
2340,Dark Thunder,Klatch,,Washed,9999,,,"smoky,sweet",Various
2341,Klatch's Best House Blend,Klatch,,Washed,9999,Blend,Blend,"smooth,juicy,orange,balance,round,chocolate",Various
2342,ORG Amazon Blend,Klatch,,Washed,9999,Blend,Blend,"dark chocolate,sugar,sweet,caramel,smooth,chocolate,nutty,brown sugar",Various
2367,Sumatra Kerinci Honey,Airship,,Honey,1400,,,"floral,bright,clean,plum,grapefruit,honey,round,fruity,sweet",Mixed
2396,Kensington Blend,ReAnimator Coffee Roasters,,Natural,9999,Blend,Blend,"milk,cocoa,roasted,walnut,creamy","Catuai,Heirlooms"
2417,Ecuador Bosque de Marfil,Huckleberry,Multiple,Washed,1550,Ecuador,Americas,"brown sugar,super,apple,sweet,sugar,complex,cherry,black cherry,molasses,green apple","Bourbon,Caturra,Typica"
2436,9 to 5,Revelator,,Washed,9999,,,"black cherry,cherry,caramel",Arabica
2438,Southern Gothic,Quills,,Washed,900,,,"creamy,caramel,roasted,chocolate","Typica,Bourbon,Caturra,Catuai,Colombia"
2525,Cold Brew Blend,Irving Farm,,Washed,9999,Blend,Blend,"complex,caramel,berry,smooth,molasses,chocolate",
2526,Highline Blend,Irving Farm,,Washed,9999,Blend,Blend,"light,delicate,caramel,bright,apple,sweet",Mixed
2544,Great Heights,Joe Coffee,The Veloso Family,Natural,1066,Brazil,Americas,"bright,nutty,cherry,cedar,sweet,light",Red Catuai
2547,Peru Rancho Sabancaya,Caffe Vita,,Washed,1400,Peru,Americas,"sugar,cedar,brown sugar,nougat,tobacco,caramel,blackberry,dark chocolate,chocolate","Pache,Catuai,Caturra,Villa Sarchi,Catimor,Bourbon"
2615,"Papua New Guinea, Baroida Estate, Eastern Highlands",Sight Glass,Colbran,Washed,1775,Papua New Guinea,Oceania,"chocolate,citrus,savory,floral","Bourbon,Arusha,Mundo Novo"
2697,Guatemala Hunapu,Kuma,Multiple,Washed,1650,Guatemala,Americas,"bright,orange zest,cherry,smooth,soil,orange",Red Bourbon
2719,Kindred Blend,AKA,,Washed,1700,Blend,Blend,"chocolate,orange,cedar",Caturra
2731,Matalapa,George Howell,Vickie Ann Dalton de Diaz,Washed,1300,El Salvador,Americas,"brown sugar,sugar,nougat","Bourbon,Pacas"
2749,Ethiopia Worka Chelbesa,Huckleberry,Chelbesa Washing Station,Washed,1975,Ethiopia,Africa,"floral,hibiscus,bright,candy,lemonade,tea,sweet,fruity",Ethiopia Landraces
2781,1320,City of Saints,,Washed,9999,,,"sugar,soft,chocolate,cream,cream,walnut,roasted,apple","Catuai,Caturra,Bourbon"
2782,Citizen,City of Saints,,Washed,1200,,,"caramel,crisp,sweet,citrus,chocolate","Bourbon,Typica,Mundo Novo,Caturra"
2784,Denizen,City of Saints,,Washed,1600,,,"bright,juicy,complex,round,smooth,caramel","Heirlooms,Bourbon,Typica"
2785,Woodsman,City of Saints,,Washed,1000,,,"milk,roasted,slick","Caturra,Bourbon,Catimor,Mundo Novo"
2792,Blend,Necessary,,Washed,9999,Blend,Blend,creamy,"Castillo,Bourbon,Colombia,Caturra"
2793,Colombia,Necessary,Divino Nina and ASOCAFOR Associations,Washed,1500,Colombia,Americas,nutty,"Colombia,Castillo,Caturra"
2794,Burundi,Necessary,,Washed,1650,Burundi,Africa,"cocoa,milk,raisin",Bourbon
2795,Ethiopia,Necessary,,Washed,1950,Ethiopia,Africa,"fruity,soft,lemon,plum",
2811,Slow Burn,Red Bay,,Natural,1200,,,"molasses,smooth,prune,raisin,dark chocolate,milk,complex,fig,chocolate","Red Catuai,Bourbon Gayo"
2816,Coltrane,Red Bay,"Mary Bolaos, Sergio Mosquera, Rodelfi Betancourt, Juan  Medina, Dilio Pechene, and Linares Paz",Washed,1685,Colombia,Americas,"smooth,sweet,complex,juicy,milk,milk chocolate,dark chocolate,grape,chocolate,lingering,orange,plum,citrus,hazelnut","Colombia,Tabi,Castillo"
2830,King's Prize,Red Bay,,Washed,2025,,,"floral,tangerine,peach,jasmine,apricot,honeysuckle,tropical fruit",Heirlooms
2832,Funky Chicken,Red Rooster,,Washed,1250,,,"cream,cream,earthy,sweet,clean,bright,plum","Catuai,Catimor,Caturra"
2833,4 & 20 French Roast,Red Rooster,,Washed,1250,,,"cinnamon,balance","Mundo Novo,Typica,Caturra,Catimor"
2834,Old Crow Cuppa Joe,Red Rooster,,Washed,1220,,,"sweet,creamy,berry","Typica,Mundo Novo,Caturra,Catimor"
2835,Farmhouse Breakfast Blend,Red Rooster,,Washed,1220,Blend,Blend,"caramel,sweet,roasted,meyer lemon,nutty,lemon","Catuai,Catimor,Mundo Novo,Caturra"
2838,Honduras COMSA,Red Rooster,Mujale Association,Washed,1625,Honduras,Americas,"sweet,dark chocolate,chocolate,smooth","Catimor,Caturra,Catuai"
2839,Organic Nicaragua,Red Rooster,Castillo family,Washed,1325,Nicaragua,Americas,"chocolate,roasted,smoky,sweet","Catuai,Catimor,Bourbon,Caturra"
2863,Rise and Shine,Greater Goods,Multiple,Washed,1400,,,"smooth,super,bitter,sweet,dark chocolate,chocolate","Catuai,Castillo,Caturra"
2864,Take Me Home (Costa Rica),Greater Goods,Hermanos Solis,Honey,1800,Costa Rica,Americas,"honey,meyer lemon,caramel,milk,hazelnut,vanilla,nutty,orange,lemon",Red Catuai
2867,Good Vibes (Brasil),Greater Goods, Fazenda Ambiental Fortaleza (FAF),Natural,1270,Brazil,Americas,"clean,cocoa,peanut,complex,buttery","Red Catuai,Yellow Catuai,Icatu"
2868,Colombia Coffee For Peace,Klatch,,Washed,9999,Colombia,Americas,"nectarine,cocoa,bright,sugar,floral,lime,clean,chocolate,lemon,smooth,spice",Castillo
2878,Riqueza Dark Blend,Temple,,Washed,9999,Blend,Blend,"sugar,cream,cream,spice,milk,sweet,cocoa",Mixed
3014,French Roast,Oren's,,Washed,9999,,,"sweet,caramel","Caturra,Colombia"
3015,Italian Roast,Oren's,,Washed,9999,,,"sweet,raisin,chocolate","Bourbon,Caturra,Colombia"
3019,Bosley,City of Saints,,Washed,1300,,,"sweet,milk",Heirlooms
3079,Tekt┼ìn,Blueprint Coffee Roasters,,Washed,1600,,,balance,"Heirlooms,Ethiopia Landraces,Bourbon"
3139,Pick-Me-Up,Greater Goods,,Washed,1760,,,"apple,complex,chocolate,stone fruit,honey,floral","Typica,Tabi,Geisha,Colombia,Caturra,Ethiopian Bourbon"
3149,Stimulate,Greater Goods,Multiple,Washed,1700,Blend,Blend,"chocolate,sugar,brown sugar,dark chocolate,almond,roasted",Various
3159,Newsstand Blend,Sparrows,,Washed,9999,Blend,Blend,"orange,smooth,juicy,sweet,round,caramel,chocolate,dark chocolate","Mayaguez,Bourbon"
3160,H.O.M.E.S. Blend,Sparrows,,Washed,9999,Blend,Blend,,"Typica,Bourbon,Caturra"
3161,Dirty Bird,Sparrows,,Washed,9999,,,milk,"Bourbon,Typica,Castillo"
3162,All Seasons Blend,Sparrows,,Washed,9999,Blend,Blend,"clean,sweet,honey,smooth,chocolate,cherry,creamy,round","Typica,Heirlooms,Bourbon"
3163,Colombia Cauca,Sparrows,,Washed,9999,Colombia,Americas,"juicy,crisp,cherry,citrus,nutty","Castillo,Typica,Bourbon"
3189,Organic Prism Blend,Wonderstate,,Washed,9999,Blend,Blend,"balance,cocoa,strawberry,fruity",Various
3190,Penrose,Blueprint Coffee Roasters,Antonio Marcos do Carmo,Washed,9999,,,nutty,"Colombia,Castillo,Yellow Catuai,Caturra"
3199,Civitas,Huckleberry,,Washed,1300,,,"raisin,sugar,dark chocolate,chocolate,toffee",Arabica
3203,Decaf Inza,AKA,,EA Decaf,1850,,,"brown sugar,red grape,sugar,complex,grape","Caturra,Castillo,Colombia"
3209,Decaf Cauca,Quills,,EA Decaf,1650,,,"smooth,lemon,complex,sugar,brown sugar,nougat","Castillo,Caturra,Colombia"
3253,La Familia Guarnizo - 5 lb bag,Joe Coffee,Guarnizo Family,Washed,9999,,,"sweet,sugar,pecan,tangerine",Caturra
3255,Great Heights - 5 lb bag,Joe Coffee,The Veloso Family,Natural,1066,Brazil,Americas,"nutty,sweet,cedar,bright,light,cherry",Red Catuai
3257,H.O.M.E.S. - 5 lb bag,Sparrows,,Washed,9999,,,,"Bourbon,Typica,Caturra"
3260,French Roast - 5 lb bag,Atomic,,Wet-hulled,1300,,,"earthy,chocolate,spice,milk","Catimor,Bourbon,Typica"
3266,Eye of the Tiger - 5 lb bag,Equator,,Washed,9999,,,"citrus,round,juicy,fruity",Various
3272,Flor del Sol - 5 lb bag,PT's Coffee Roasting Co.,,Washed,9999,,,"crisp,caramel,balance,silky,sweet,fruity,chocolate",Various
3297,Blue Boy,Methodical,,Washed,1524,,,"round,sweet,apple,crisp,smooth,soft,green apple,bright","Bourbon,Caturra"
3303,Stargazer,Gimme!,,Washed,9999,,,"bright,juicy,fruity,sweet,light,complex","Pache,Typica,Caturra,Bourbon"
3305,Guatemala Ixlama,Methodical,Multiple,Washed,1677,Guatemala,Americas,"clean,apple,caramel,round,bright,green apple,chocolate,crisp,fruity","Caturra,Bourbon"
3306,Play Nice,Methodical,,Washed,1800,,,"light,bright,sweet,dried cranberry,smooth,orange,juicy,cranberry,milk,chocolate,dried cranberry,milk chocolate","Castillo,Caturra"
3307,Colombia Cauca - Decaf,Methodical,,EA Decaf,1650,Colombia,Americas,"fruity,sweet",Castillo
3308,Costa Rica La Pastora,Methodical,,Washed,1550,,,"clean,juicy,smooth","Catuai,Caturra"
3328,Organic French,Portland,,Washed,9999,,,"sweet,roasted,clean,milk","Mundo Novo,Typica,Catuai,Bourbon"
3329,Organic Tanagers Song,Portland,,Washed,9999,,,"milk,clean,milk chocolate,delicate,light,berry,crisp,sweet,chocolate,plum","Bourbon,Catuai,Typica,Mundo Novo"
3330,Steel,Portland,,Washed,9999,,,"cocoa,toffee,super,smooth,cherry,sweet","Typica,Castillo,Bourbon,Arusha"
3331,Guatemala,Portland,Miguelina Villatoro,Washed,9999,Guatemala,Americas,"raisin,molasses,chocolate,fruity,cinnamon","Bourbon,Pacamara"
3333,Colombia,Portland,,Washed,9999,Colombia,Americas,"berry,cherry,tropical fruit",Castillo
3339,Big Riff,Metric,,Washed,1500,,,"green apple,chocolate,plum,creamy,apple,sweet,dried fruit","Caturra,Bourbon"
3340,Colorized,Metric,,Washed,1800,,,"juicy,candy,lingering,roasted,berry,tropical fruit",Various
3341,Colossus,Metric,,Washed,1500,,,"spice,vanilla,chocolate,smooth,dark chocolate,milk,creamy,round,sugar","Caturra,Bourbon"
3342,En Masse,Metric,,Washed,1500,,,"caramel,candy,sweet,complex,pear","Heirlooms,Colombia,Caturra"
3343,Seismic,Metric,,Washed,1500,,,"lemon,sweet,smooth,bright","Caturra,Bourbon,Catuai"
3345,Decaf Colombia,Metric,,EA Decaf,1700,Colombia,Americas,"apple,walnut,green apple,molasses,cedar,clean,crisp,chocolate,dark chocolate","Tabi,Bourbon,Caturra,Colombia,Maragogipe"
3369,Primary Series: Blue,Blueprint Coffee Roasters,Honduras - COMSA CoOp / Brazil - Moscardini Family / Colombia - smallholder farms,Natural,1100,Blend,Blend,"roasted,cocoa,caramel,round","Castillo,Bourbon,Mundo Novo,Catuai,Caturra,Yellow Catuai,Tupi,Typica"
3419,Capital Cold Brew,Temple,,Washed,9999,,,"cherry,bright,lingering,citrus zest,milk chocolate,milk,nutty,sweet,citrus,chocolate,smooth",Mixed
3430,Gamatui Washed,Broadsheet,Gamatui Community,Washed,1900,Uganda,Africa,"macadamia nut,clean,round,buttery","SL34,SL14,Bourbon"
3439,Decaf Eye of the Tiger,Equator,,EA Decaf,9999,,,"dried cherry,cinnamon,candy,plum,cherry,sweet",
3446,Joven Cauca,Sparrows,CAFINORTE Cooperative,Washed,9999,,,"sweet,citrus,chocolate,smooth,cherry,milk chocolate,milk,flower,cola",Bourbon
3454,Gamatui Community,Blueprint Coffee Roasters,Sipi Falls Mill,Natural,1900,Uganda,Africa,"toffee,fruity","SL14,Bourbon,SL34"
3463,Swiss Water Process Decaf Colombia,Oren's,,Swiss Water Decaf,9999,Colombia,Americas,"chocolate,cherry,full body,sour,cedar,bright",
3466,Swiss Water Process Decaf Sumatra,Oren's,,Swiss Water Decaf,9999,Indonesia,Asia,"smooth,sweet,creamy,apricot,clean",
3467,Swiss Water Process Decaf French Roast,Oren's,,Swiss Water Decaf,9999,,,roasted,
3473,Dominic's Organic Cold Brew Blend,DOMA,,Washed,9999,Blend,Blend,"vanilla,sugar,crisp,caramel,smooth,cream,cream","Pache,Caturra,Catuai,Castillo,Bourbon,Catimor,San Ramon,Typica,Colombia"
3482,Chin Up,Good Citizen,Rigoberto Herrera,Washed,1400,Colombia,Americas,"milk,almond,dark chocolate,cherry,lemon zest,smooth,chocolate,lemon,milk chocolate","Caturra,Colombia,Catuai,Mandela"
3483,Hang Tough,Good Citizen,,Washed,1300,,,"almond,lemon,dark chocolate,roasted,full body,buttery,chocolate,lemon zest,toffee","Caturra,Catuai"
3484,Up & At 'Em,Good Citizen,,Washed,1250,,,"juicy,fruity,sweet,melon,caramel,tangerine,grape,green grape,strawberry,bright","Caturra,Ethiopia Landraces,Jarc Selections,Peaberry"
3485,Stay Golden,Good Citizen,,Washed,1400,,,"melon,cherry,juicy,chocolate,apple","Ethiopia Landraces,Caturra,Jarc Selections"
3486,Easy Does It - Decaf,Good Citizen,,EA Decaf,1650,,,"caramel,sweet,creamy,sugar,toffee,lemon,cherry","Colombia,Castillo,Caturra"
3487,Palmera,Good Citizen,,Washed,1500,,,"clean,cherry,brown sugar,sugar","Caturra,Colombia,Castillo"
3488,Paubrasil,Good Citizen,,Natural,1100,,,"full body,creamy,chocolate,milk chocolate,milk,roasted",Catuai
3489,Benti Nenka,Good Citizen,Eyasu Worasag,Washed,2030,Ethiopia,Africa,"delicate,candy,blackberry,fruity,juicy,peach,cotton candy,lime","Jarc Selections,Ethiopia Landraces"
3490,Estate La Esperanza,Good Citizen,Rigoberto Herrera,Washed,1595,Colombia,Americas,"juicy,fruity,kiwi,strawberry","Caturra,Mandela,Colombia"
3526,Primary Series: Yellow,Blueprint Coffee Roasters,Multiple,Washed,900,Brazil,Americas,"bright,black tea,juicy,lemon,light,honey,tea","Tupi,Mundo Novo,Heirlooms"
3527,Sumatra Takengon,Atomic,,Wet-hulled,1300,,,"cedar,earthy,chocolate,dark chocolate,full body,sweet","Bourbon,Typica,Caturra,Catimor"
3536,Colombia La Virgen,City of Saints,InConexus ,Washed,1930,Colombia,Americas,"tea,green tea","Colombia,Caturra,Geisha,San Bernardo,Castillo,Tabi"
3540,Konga,Irving Farm,Konga Cooperative ,Washed,1875,Ethiopia,Africa,"peach,super,flower,sweet,floral,candy,cantaloupe",Heirlooms
3546,Uganda Sipi Falls Washed,Huckleberry,Sipi Falls Mill,Washed,1900,Uganda,Africa,"caramel,tangerine,bright,apricot,sweet,buttery,butterscotch","SL34,SL28"
3550,Primary Series: Red,Blueprint Coffee Roasters,"Emilio Lopez Diaz, COMSA Cooperative",Washed,1220,Honduras,Americas,"green apple,apple,cherry,nutty","Catuai,Caturra,Typica,Bourbon"
3559,Decaf Colombia Huila,City of Saints,,EA Decaf,9999,Colombia,Americas,"chocolate,molasses,sugar,cherry","Typica,Caturra"
3565,French Roast,Bird Rock,,Washed,9999,,,"dark chocolate,roasted,cherry,chocolate,wood","Bourbon,Catuai,Caturra"
3580,Angel BBs,Gimme!,,Washed,1400,,,"balance,fruity","Caturra,Castillo"
3583,Pump House,Bird Rock,,Washed,9999,,,"caramel,fruity,light","Bourbon,Catimor,Caturra"
3584,Little Italy Blend,Bird Rock,,Washed,9999,Blend,Blend,"hazelnut,chocolate,smooth,cherry,light,full body","Bourbon,Caturra,Pache"
3607,Joven Burundi Turihamwe,Sparrows,Turihamwe,Washed,1750,Burundi,Africa,"sugar,brown sugar,vanilla,black tea,tea,cranberry,apricot",Bourbon
3615,Burundi Kayanza,Sparrows,,Washed,1760,Burundi,Africa,"super,candy,cinnamon,citrus,bright,banana,savory,dried fruit,sweet,silky","Bourbon,Jackson,Mibirizi"
3619,Larrea Blend,Verve,,Washed,1700,Blend,Blend,"bright,citrus,grapefruit,sweet,floral,honeysuckle","Arusha,Mundo Novo,Typica,Heirlooms"
3626,Decaf Colombia,Sparrows,,EA Decaf,9999,Colombia,Americas,"citrus zest,nutty,toffee,super,cherry,citrus",Caturra
3633,Monkey Bite Espresso,Bird Rock,,Washed,9999,,,"walnut,cocoa,milk",Various
3652,Honduras Santa B├írbara Highlands,Gimme!,,Washed,1800,Honduras,Americas,"walnut,sweet","Pacas,Typica"
3654,Huehuetenango Q'anil,City of Saints,Cooperativa Rio Azul,Washed,1100,Guatemala,Americas,"clean,fruity,toffee,apricot,sweet","Caturra,Catuai,Bourbon"
3678,East Fourteenth,Red Bay,Sweet Unity Farms Co-op,Washed,1372,Tanzania,Africa,"fruity,full body,sweet",Bourbon
3679,Carver's Dream,Red Bay,"Women of  Kinyovu  Cooperative, La Ceiba Cooperative",Washed,1500,Blend,Blend,"caramel,smooth,bright,cherry","Bourbon,Caturra"
3686,Dark Roast Sumatra Gayo Mandiri,Anodyne Coffee Roasters,KSU Gayo Mandiri Cooperative,Wet-hulled,1450,,,earthy,"Bourbon,Tim Tim,Ateng"
3696,San Ignacio,Passenger,,Washed,1675,,,"grapefruit,sweet","Bourbon,Caturra,Pache"
3697,Marlenis Imbachi - 2019 Harvest,Passenger,Marlenis Imbachi,Washed,1650,Colombia,Americas,"green apple,pie,nutmeg,apple,juicy",Pink Bourbon
3704,Brazil Cerrado,Gimme!,,Pulp Natural,960,Brazil,Americas,"roasted,smooth,nutty,walnut","Topazio,Mundo Novo,Bourbon,Yellow Catuai"
3756,Monserrate,Irving Farm,,Washed,1800,,,"bright,caramel",Various
3762,Prime Meridian,Equator,Multiple,Washed,910,Blend,Blend,"black cherry,chocolate,dark chocolate,bittersweet chocolate,cherry,caramel,sweet,almond,roasted,smooth,walnut","Catuai,SL28,Ruiru 11,Tupi,Caturra,K7,Bourbon,Mundo Novo,Castillo,Colombia,SL34"
3765,Honduras COMSA Natural,Atomic,,Natural,1350,Honduras,Americas,"tropical fruit,creamy,sour,candy,watermelon,juicy","Caturra,Typica,Catuai,Bourbon"
3774,Finca Cedral Alto Natural,Good Citizen,Jorge Vasquez,Natural,1850,,,"blueberry,cherry,dried blueberry,black cherry,soil",Catuai
3776,Bright Minds,Greater Goods,Guatemala Coffee Kids Program,Washed,1550,Guatemala,Americas,"nougat,cherry,milk,lingering,toffee,chocolate,sweet,orange,milk chocolate,melon,cola","Caturra,Bourbon,Catuai,Catimor,Pache"
3835,Hold Fast,Good Citizen,,Washed,9999,,,"spice,sweet",Various
3836,Buckle Down,Good Citizen,,Washed,1200,,,"cedar,cherry,spice,fig",Various
3837,Kovachii,Good Citizen,,Washed,1750,,,"sweet,bright,plum,berry,juicy",Various
3838,La Concordia,Good Citizen,,Washed,1200,,,"honey,chocolate,cherry","Caturra,Typica,Bourbon"
3839,Nueva Segovia,Good Citizen,,Washed,1350,,,roasted,"Maragogipe,Pacamara"
3842,Solaris,Maquina,Multiple,Washed,1500,,,"juicy,sweet,pear,clean,tangerine,bright","Colombia,Bourbon,Caturra,Pink Bourbon"
3852,Bom Senso,Huckleberry,,Natural,9999,,,"almond,caramel,roasted","Mundo Novo,Bourbon"
3853,Flores Belas,Huckleberry,,Natural,9999,,,"nutty,orange,dried fruit,chocolate,milk,milk chocolate,caramel","Mundo Novo,Bourbon,Arabica"
3877,Guduba Light,George Howell,,Washed,2018,,,"clean,floral,sweet",Ethiopia Landraces
3909,Gunung Tujuh,Sterling Coffee Roasters,,Washed,1450,,,"pie,pecan,caramel,cedar,custard,light,tangerine,earthy,sugar,citrus",Ateng
3912,Sumatra Gayo Highlands,Gimme!,,Wet-hulled,1350,,,"earthy,milk,soil,cherry","Typica,Catimor,Bourbon,Caturra"
3947,High Five Blend,Sparrows,,Washed,9999,Blend,Blend,orange,"Caturra,Bourbon"
3972,Nebula - a Dark Roast,Mother Tongue Coffee,,Washed,9999,,,"sweet,super,honey",Mixed
3974,Mugshots - a Light Roast,Mother Tongue Coffee,,Washed,9999,,,hazelnut,Mixed
3977,Brazil - Dulce Signature,Methodical,Maria Helena Dumont and Selma Veira,Natural,950,Brazil,Americas,"nutty,honey,roasted,sweet,caramel,dark chocolate,smooth,hazelnut,chocolate","Mundo Novo,Yellow Catuai"
3992,Starr Hill Stout Blend,Red Rooster,,Washed,9999,Blend,Blend,"caramel,creamy,complex,sweet,sugar,cocoa,chocolate,cream,cream,smooth,dark chocolate,milk",Mixed
3999,"Et Tu, Dame?",Gimme!,Dame Dabaye,Washed,9999,Ethiopia,Africa,"blueberry,cherry,strawberry,fruity,floral,lime,bright",Heirlooms
4001,Big City,Joe Coffee,The Veloso Family,Natural,1066,Brazil,Americas,"honeycomb,burnt sugar,chocolate,dark chocolate,sweet,sugar,roasted",Red Catuai
4014,MotherLand,Red Bay,Ndago Cooperative ,Washed,9999,Burundi,Africa,"cherry,green apple,apple,round,soil",Bourbon
4019,Valle Verde,Good Citizen,,Washed,1650,,,"cranberry,apricot","Catimor,Typica,Caturra,Bourbon"
4025,Brazil Klatch Diamond Reserve,Klatch,,Natural,9999,Brazil,Americas,"black cherry,bright,vanilla,fruity,blood orange,orange,sweet,cherry,chocolate","Red Catuai,Yellow Catuai"
4026,"Bella Vista Women's Group - Chiapas, Mexico",Mother Tongue Coffee,Rosalba Cifuentes,Washed,1600,Mexico,Americas,"lemonade,hazelnut,lingering,candy","Bourbon,Catimor,Caturra"
4030,La Piramide,Tandem,,Washed,1850,,,"super,delicate,clean,round,light,sweet,complex,citrus","Typica,Caturra"
4032,El Salvador Finca Hungria,Red Rooster,,Washed,9999,,,"cedar,smooth,oak,sweet,honeycomb","Catimor,Pacas,Caturra,Bourbon"
4039,Finca El Limonar,Panther,Rosa Maria Ovalle,Washed,1700,Guatemala,Americas,"plum,roasted,almond,round,creamy,milk,milk chocolate,cherry,chocolate,bright",Caturra
4041,Mejor,Panther,Multiple,Washed,1800,Colombia,Americas,"chocolate,citrus,juicy,bright,milk,milk chocolate,fruity,sweet,cherry,silky,nutty",Castillo
4048,Cabot Street,Atomic,,Washed,1400,,,"jam,grape,apple,fruity,bright,green grape","Colombia,Heirlooms"
4050,San Sebastian,Novo,Occicafe Growers Association,Washed,1700,Honduras,Americas,"almond,banana,cherry","Colombia,Caturra"
4063,French Roast,Portland,Ngorongoro Coffee group ,Washed,1800,Tanzania,Africa,"roasted,sweet,milk,clean,super,caramel",Kent
4066,Li'l Devils,Gimme!,,Washed,1750,,,"sweet,caramel,smooth","Castillo,Colombia,Caturra"
4067,Kickstart,Greater Goods,,Washed,1300,,,"sugar,rose,smooth,chocolate,dark chocolate,caramel,brown sugar","Catuai,Arara,Castillo,Caturra"
4103,Soulmate,Alma Coffee,Leticia Lopez Hutchins,Washed,1400,Honduras,Americas,"milk,cherry,smooth,chocolate,candied,sugar,sweet,creamy,walnut,clementine,cream,cream,milk chocolate",Parainema
4104,Passion,Alma Coffee,Al Lopez,Washed,1000,,,"orange,sweet,cacao,sugar,orange zest,brown sugar,hazelnut,smooth,milk,caramel",Parainema
4105,Enchanted,Alma Coffee,Al Lopez,Washed,1000,,,"pecan,creamy,dark chocolate,lingering,molasses,chocolate",Parainema
4107,Natural Process,Alma Coffee,Leticia Lopez Hutchins,Natural,1400,Honduras,Americas,"rose,strawberry,raspberry,cherry,pineapple,complex,jam",Parainema
4115,Essence,Alma Coffee,Leticia Lopez Hutchins,Washed,1400,Honduras,Americas,"smooth,dark chocolate,chocolate,caramel,balance,almond,roasted",Parainema
4175,Peru Cajamarca Fair Trade Organic,Equator,"Salomon & Andres Bermeo, La Prosperidad de Chirinos",Washed,1700,Peru,Americas,"raisin,vanilla,apple,hazelnut,brown sugar,juicy,lingering,smooth,nougat,sugar,passion fruit","Bourbon,Pache,Caturra"
4183,Las Margaritas Red Bourbon,Good Citizen,Cafe Granja La Esperanza,Washed,1710,,,"cocoa,blackberry,vanilla,tropical fruit",Red Bourbon
4190,Guatemala Huehuetenango,Oren's,,Washed,1600,Guatemala,Americas,"green apple,apple,almond,chocolate,nutty,smooth,sweet,apricot,complex","Caturra,Catuai,Pache"
4192,"Ubuto - Karuzi, Burundi",Mother Tongue Coffee,,Washed,1800,Burundi,Africa,"smooth,apple,complex,pie",Bourbon
4199,Tres Dragones Natural,PT's Coffee Roasting Co.,Rigoberto Herrera,Natural,1700,Colombia,Americas,"lemon,strawberry,tamarind,licorice,tropical fruit,guava",Colombia
4203,Toni,Portrait,,Washed,1500,,,"nutty,chocolate","Bourbon,Caturra"
4204,Founders,Portrait,Buesaco Community,Washed,9999,Colombia,Americas,"fruity,smooth,soft,sweet,juicy",
4214,Fazenda Vassour├úo,Irving Farm,Waldir Batista Borges ,Natural,1175,Brazil,Americas,"peanut,light,chocolate,candy,vanilla,sweet,roasted,cocoa,peanut butter","Yellow Catuai,Mundo Novo"
4217,Daydream Decaf,Atomic,,EA Decaf,800,,,"molasses,chocolate,nutty,chemical,shortbread,lingering,plum","Bourbon,Mundo Novo"
4220,Jaime Ponce,Passenger,Jaime Ponce,Washed,1450,Ecuador,Americas,"tea,bright,black tea,complex,lemon,meyer lemon",Mejorado
4231,Arboretum,Small Planes,,Washed,9999,,,"apple,smooth,chocolate,green apple,nutty,balance,fruity,bright",Various
4232,Gateway,Small Planes,,Washed,2000,,,"juicy,chocolate,smooth,roasted,cherry,milk,sugar,sweet","Yellow Caturra,Red Caturra,Typica"
4233,Decaf Desvelado,Small Planes,,EA Decaf,1575,,,"sugar,juicy,caramel,soft,chocolate,spice,stone fruit,citrus","Tabi,Castillo,Caturra"
4240,Brazil Fazenda Pantano,Anodyne Coffee Roasters,Wagner Ferrero,Natural,1200,Brazil,Americas,"smooth,vanilla,almond",Yellow Bourbon
4249,Hell Yeah!,Drink Coffee Do Stuff,,Washed,1800,,,"sweet,juicy,cherry,lingering,chocolate,nutty,walnut,macadamia nut",
4250,Party Wave,Drink Coffee Do Stuff,,Natural,1800,,,"chocolate,bright,peach,jasmine,syrup,syrup,raspberry",Heirlooms
4251,Bark At The Moon,Drink Coffee Do Stuff,,Washed,1200,,,"vanilla,toffee,chocolate,caramel,sweet,silky,dark chocolate,smooth",
4252,Tips Up Tahoe French Roast,Drink Coffee Do Stuff,,Washed,1200,,,"vanilla,sweet",
4253,Hot Shot Espresso,Drink Coffee Do Stuff,,Washed,1800,,,"milk,citrus",
4256,Peru Rutas Del Inca,Drink Coffee Do Stuff,,Washed,2350,Peru,Americas,"dried fruit,roasted,sugar,buttery,sweet,complex,nutty,milk,milk chocolate,chocolate,brown sugar",
4258,Umoja,Joe Coffee,Multiple,Washed,1740,Congo,Africa,"hibiscus,tropical fruit,pomegranate,raisin,golden raisin,molasses,tangerine,bright,round,floral",Bourbon
4260,Ecuador Rancho Carmen,City of Saints,Asociacion Agropecuaria Artesanal de Productores Organicos Cuenca del Rio Mayo,Washed,1650,Ecuador,Americas,"sweet,vanilla,creamy,lemonade,bright,fermented,juicy","Caturra,Typica Mejorado,Criollo,Bourbon"
4261,Brazil Lagoa Farm,Maquina,Niwaldo Antonio Rodrigues,Natural,1000,Brazil,Americas,"candy,cherry,sweet",Red Catuai
4264,Loma La Gloria,Steady State,Anny Ruth,Natural,1700,,,"brown sugar,honey,herb,orange,blood orange,bright,sugar","Pacamara,Orange Bourbon"
4265,Adanech,Steady State,,Natural,1900,,,"berry,stone fruit,round,apple,pie,chocolate,blueberry",Heirlooms
4268,Agricola,Steady State,Gonzalo and Yrma Palenzuela,Natural,1750,Panama,Americas,"juicy,floral,melon,soft,delicate,citrus,clean","Geisha,Pacas,Castillo"
4270,Aim High,Good Citizen,,Washed,1100,,,"candy,nutty,bright,sweet","Yellow Catuai,Caturra"
4272,Burundi Nemba Natural,Red Rooster,Nemba Washing Station,Natural,9999,Burundi,Africa,"apple,spice,raisin",Red Bourbon
4275,Peru El Pajurillo,Red Rooster,Fidel Huancas Chinchay,Washed,1900,Peru,Americas,"brown sugar,bright,tomato,apple,sweet,fruity,sugar,almond,strawberry,nectarine,cherry","Yellow Caturra,Yellow Bourbon,Red Bourbon"
4277,Kenya - Ngugu-ini,Panther,Kibirigwi Cooperative Society,Washed,1660,Kenya,Africa,"lasting,clean,citrus,grapefruit,sweet,jasmine",Bourbon
4279,High Walk,Congregation,,Washed,9999,,,"citrus,walnut,sugar,crisp,milk,soft,brown sugar,clean","Caturra,Castillo,Colombia"
4280,Gallop,Congregation,,Washed,9999,,,"black cherry,bright,tropical fruit,cherry,cocoa,milk","Caturra,Mundo Novo"
4282,EthiopiaΓÇöKochere,Congregation,,Washed,1900,Ethiopia,Africa,"brown sugar,stone fruit,juicy,sugar,sweet,peach,floral,citrus,malt",
4287,Rumukia,Steady State,Multiple,Washed,1760,Kenya,Africa,"savory,bright","Batian,SL34,Ruiru 11,SL28"
4289,Wate Gogugu,Broadsheet,Kadir Jabril,Washed,2140,Ethiopia,Africa,"strawberry,sweet,citrus,floral,peach,juicy,honeysuckle","Indigenous Landraces,Jarc Selections"
4290,Ethiopia Tekamo Mekiso,Atomic,Tekamo Mekiso,Natural,1950,Ethiopia,Africa,"pineapple,creamy,soft,blackberry,bright,sweet,fruity",Heirlooms
4297,Guatemala La Candelaria,Verve,The Zelaya Family,Washed,1500,Guatemala,Americas,"cantaloupe,maple syrup,juicy,complex,syrup,sweet,syrup,orange,brown sugar,almond,orange zest,sugar",
4300,Campfire Blend,Caffe Vita,,Washed,1000,Blend,Blend,"chocolate,marshmallow,dark chocolate",
4307,Colombia Las Montanas Decaf,Maquina,Multiple,EA Decaf,1350,Colombia,Americas,"juicy,orange,vanilla,complex,caramel,sweet","Typica,Bourbon,Caturra"
4309,Fam├¡lia Peixoto,Peixoto,Jose Augusto Peixoto,Natural,1250,Brazil,Americas,"sweet,chocolate,berry,creamy,clean,citrus",Catuai
4310,Peixoto Doce,Peixoto,Jose Augusto Peixoto,Natural,1250,Brazil,Americas,"caramel,cherry,chocolate,hazelnut,sweet",Catuai
4311,Peixoto Honey,Peixoto,Jose Augusto Peixoto,Pulp Natural,1250,Brazil,Americas,"nutty,clean,honey,cherry,chocolate",Yellow Catuai
4312,Frutas Blend,Peixoto,,Natural,1250,Blend,Blend,"juicy,nutty,chocolate,strawberry,jam,fruity,cocoa","Heirlooms,Yellow Catuai"
4313,Citrico Blend,Peixoto,,Washed,1250,Blend,Blend,"cocoa,sweet,creamsicle,stone fruit","Caturra,Catuai"
4314,Sugarcane Decaf,Peixoto,Ana Mustafa,EA Decaf,1650,,,"bright,clementine,citrus,nougat,green apple,molasses,caramel,balance,apple","Colombia,Castillo"
4316,"Ethiopia, Worka Chelbessa, Yirgacheffe",Sight Glass,Worka Chelbessa,Washed,2050,Ethiopia,Africa,"juicy,floral,spice,peach",Heirlooms
4317,Agaro Yukro #5 Washed,PT's Coffee Roasting Co.,Yukro Washing Station,Washed,2000,Ethiopia,Africa,"crisp,peach,sugar,black tea,grapefruit,tea,light,lemon,brown sugar,hazelnut,lemon zest",Heirlooms
4319,Aristides Guarnizo-Rosado,Blueprint Coffee Roasters,Guarnizo brothers,Experimental,1800,,,"soil,grapefruit,blackberry,bright,tea","Pink Bourbon,Colombia,Castillo"
4341,Ethiopia Nano Genji,ReAnimator Coffee Roasters,,Washed,9999,Ethiopia,Africa,"nectarine,floral,jasmine,lasting,clean,grapefruit,candied,bright",
4343,Simple Summer,Atomic,,Washed,1500,,,"berry,fruity,bright",Heirlooms
4348,Lote Valeria Washed,PT's Coffee Roasting Co.,The Portilla Family,Washed,1850,Colombia,Americas,"juicy,peach,sweet,lime,nougat,candy,grapefruit,soft",Caturra
4349,Guatemala Huehuetenango Gilberto Mendez,Drink Coffee Do Stuff,Gilberto Mendez,Washed,1675,Guatemala,Americas,"nutty,clementine,praline,nectarine,spice,pecan,juicy,marzipan,apple,almond","Caturra,Bourbon"
4352,Summer Blend,ReAnimator Coffee Roasters,,Washed,9999,Blend,Blend,"roasted,bright,nutty,cherry,almond",
4354,Organic Ethiopia Idido Wegida Natural Process,Wonderstate,Wegida Washing Station,Natural,2150,Ethiopia,Africa,"flower,fruity,blueberry","Ethiopia Landraces,Heirlooms"
4355,El Borbollon El Salvador,Sterling Coffee Roasters,Alvarez,Washed,1450,El Salvador,Americas,"lingering,butterscotch,cherry,creamy,balance,caramel,dried fruit",Red Bourbon
4356,Kiganda Murambi Burundi,Sterling Coffee Roasters,,Washed,2000,Burundi,Africa,"balance,cream,currant,apple,dried fruit,graham cracker,buttery,marshmallow,cream,honey,vanilla",Bourbon
4359,Summer Solstice,Mad Cap,,Washed,1900,,,"tea,creamy,sweet,tropical fruit,delicate","Jarc Selections,Ethiopia Landraces"
4360,Ethiopia Guji Banti Nenga,Drink Coffee Do Stuff,Banti Nenga,Natural,2100,Ethiopia,Africa,"blueberry,cream,bright,floral,strawberry,cream,tropical fruit",Heirlooms
4365,Tano Batak,Novo,,Wet-hulled,1500,,,"green apple,sugar,light,roasted,cherry,apple,fermented,pea,bright","Typica,Ateng"
4366,Power & Glory Blend,Feast,,Washed,9999,Blend,Blend,"hazelnut,sweet,round,dark chocolate,chocolate,nectarine,citrus","Heirlooms,Bourbon,Caturra"
4370,Organic Santa Theresa,Wonderstate,Pillimue Farmers Group,Washed,1925,Colombia,Americas,"complex,nutty,lingering,raspberry,honey",Caturra
4371,Organic Ethiopia Chelbessa Danche,Wonderstate,Danche Washing Station,Washed,2100,Ethiopia,Africa,"peach,complex,berry,melon,rose,bright,black tea,delicate,tea","Indigenous Landraces,Jarc Selections"
4372,Honduras Finca La Unica,Portrait,Leticia Lopez Hutchins,Natural,1400,Honduras,Americas,"blackberry,cocoa,tropical fruit,bright",Parainema
4373,Todos Santos: Single Farmer Lot,Broadsheet,Todos Santos Community Single Farmer,Washed,1800,Guatemala,Americas,"chocolate,cherry,sweet,plum,stone fruit",Bourbon
4374,Bella Vista,Maquina,Multiple,Washed,1600,Mexico,Americas,"juicy,orange,sugar,brown sugar","Bourbon,Caturra,Catimor"
4375,El Porvenir Tabi,Bird Rock,Didier Anacona ,Washed,1825,Colombia,Americas,"brown sugar,sugar,apple,tangerine,crisp,lingering,green apple",Tabi
4376,Decaf,Bird Rock,,EA Decaf,9999,,,"walnut,creamy,plum",
4378,La Muralla Pink Bourbon,Small Planes,"Diego Hoyos, Ilmer Gomez, Jose Lopez",Washed,1800,,,"brown sugar,lemonade,floral,juicy,sugar",Pink Bourbon
4380,Gogugu,Small Planes,,Washed,2140,,,"honeysuckle,melon,citrus,clean,cherry,lemonade,complex,sweet,super","Jarc Selections,Regional Landraces"
4381,Ethiopia - Honey Damo,Methodical,,Pulp Natural,2000,Ethiopia,Africa,"honey,stone fruit,cherry,bright","Mikicho,Setami"
4384,Santa Maria,Steady State,The Alvarez family,Washed,1350,El Salvador,Americas,"orange,creamy,light,nutty,citrus","Red Bourbon,Pacas"
4385,Peru El Pepino,Huckleberry,Florian Padilla,Washed,1810,Peru,Americas,"sweet,nutty,blackberry,lemon,complex,fruity","Pache,Catuai"
4386,Fazenda Serra Do Bon├⌐,Panther,Matheus Sanglard,Natural,1200,Brazil,Americas,"sweet,lingering,cherry,graham cracker,chocolate,plum,smooth,milk chocolate,milk,nutty,creamy,hazelnut","Red Catuai,Yellow Catuai"
4387,Kenya Nyeri Ichuga AA,Sterling Coffee Roasters,,Washed,1875,Kenya,Africa,"blackberry,candy,balance,cranberry,bright,lime","SL28,SL34"
4388,Kateshi-Isanya Estates,Good Citizen,,Pulp Natural,1475,,,"lime,nutty,soil,smooth,cranberry,honey","Java,Catimor 129,Castillo"
4389,Mexico Mayan Harvest,Atomic,,Washed,1584,Mexico,Americas,"chocolate,candied,lasting,balance,apple","Bourbon,Catimor,Caturra"
4391,Guatemala El Injerto Red Cat,Equator,Arturo Aguirre,Washed,1700,Guatemala,Americas,"red grape,white grape,chocolate,grape,milk chocolate,milk,caramel,creamy,sweet,amaretto,cocoa,almond",Red Catuai
4392,Cognition,Mad Cap,,Washed,9999,,,"smooth,chocolate,creamy,nutty,cherry,sweet",
4393,Futura,Mad Cap,,Washed,9999,,,"sweet,apple,green apple,nutty,clean,floral",
4394,Ember,Alma Coffee,Al Lopez,Washed,1000,,,"dried fruit,cake,chocolate,dark chocolate,berry,complex,roasted,marshmallow",Parainema
4395,San Sebasti├ín,Alma Coffee,,Washed,1700,,,"lemongrass,lime,light,sugar,caramel,balance,floral,tea,brown sugar,bright,citrus,candy","Pacas,Catuai"
4396,Slumber Decaf,Alma Coffee,,EA Decaf,1400,,,"nutty,smooth,roasted,dried fruit,light","Typica,Bourbon"
4397,Organic Guatemala Concepcion,Wonderstate,CODECH Cooperative,Natural,1750,Guatemala,Americas,"sweet,juicy,lemon,grapefruit,bright,raspberry,honey","Catuai,Caturra,Bourbon,Typica"
4398,Ethiopia Duromina,ReAnimator Coffee Roasters,,Washed,9999,Ethiopia,Africa,"melon,clean,honey,floral,citrus,lychee,light",
4399,Peru Finca Vidurrizaga,ReAnimator Coffee Roasters,Jhonny and Bernard Vidurrizaga,Experimental,9999,Peru,Americas,"fruity,creamy,hazelnut,smooth","Catuai,Caturra"
4400,Kenya Kiaguthu,Huckleberry,"Othaya Farmers Cooperative Society, Kiaguthu Factory",Washed,1900,Kenya,Africa,"roasted,bright,grapefruit,kiwi,juicy","SL34,SL28,Ruiru 11,Batian"
4401,Brazil Sitio Canaa,City of Saints,Joao Hamilton,Natural,1250,Brazil,Americas,"apricot,creamy,roasted",Yellow Catuai
4405,Tangwen Natural,Broadsheet,Multiple,Natural,1825,Uganda,Africa,"wine,blueberry,white wine","SL14,SL34,Bourbon"
4406,Honduras La Leona,Verve,Edgardo Tinoco,Washed,1595,Honduras,Americas,"sugar,grape,juicy,apple,brown sugar,green grape,smooth",Pacas
4407,Ethiopia Bishan Dimo,Verve,Bishan Dimo Washing Station,Washed,1950,Ethiopia,Africa,"flower,sweet,delicate,peach",Heirlooms
4408,Adriana Gonzalez,Passenger,,Washed,1900,,,"apple,round,complex,fruity,vanilla,strawberry,green apple,date",Pink Bourbon
4409,Yamir Anacona D¡az,Passenger,,Washed,1650,Colombia,Americas,"hibiscus,lime,bright","Pink Bourbon,Castillo,Colombia"
4410,Jorge Hernandez,Passenger,,Washed,1770,,,"mango,tropical fruit,peach,lime","Castillo,Caturra,Colombia"
4411,Mario Salazar Cabrera,Passenger,,Washed,1700,,,"cherry,lemon,nutty","Colombia,Caturra,Typica,Castillo"
4412,Yukro,Mad Cap,,Washed,2000,,,"stone fruit,smooth,floral,peach,caramel,rose,clean,citrus",Ethiopia Landraces
4413,Kenya Swara,Verve,,Washed,1700,Kenya,Africa,"grapefruit,clean,dried fruit,spice,juicy,mango","SL28,Ruiru 11,SL34"
4414,Triunfo Verde,Blueprint Coffee Roasters,The Triunfo Verde Co-op,Washed,1350,Mexico,Americas,"lemonade,nutty,lasting,creamy","Typica,Caturra,Bourbon"
4415,An Ocean Liturgy,Portrait,,Washed,1400,,,roasted,"Parainema,Castillo"
4416,Ethiopia Raro Nansebo,Portrait,"Ture Waji, Eegata Alaka, and Fedhesa Wodessa",Natural,2100,Ethiopia,Africa,"cherry,cocoa,blueberry",Jarc Selections
4417,Ethiopia Nano Genji,Temple,Kata Muduga Cooperative,Washed,2050,Ethiopia,Africa,"black tea,delicate,orange,citrus,floral,sweet,peach,crisp,kumquat,smooth,tea",Ethiopia Landraces
4418,Guatemala Buena Vista SOE,Temple,David Solano,Natural,1750,Guatemala,Americas,"bright,sugar,cacao,fruity,apple,sweet,complex,milk,cherry,bittersweet cacao,dark chocolate,black cherry,chocolate,lingering,green apple,brown sugar","Red Caturra,Red Bourbon"
4419,Guatemala Las Colinas,Temple,Las Colinas,Washed,1700,Guatemala,Americas,"delicate,toffee,nutty,round,creamy,lemon,buttery,floral,sweet,lemon zest,apple","Catuai,Sarchimor,Caturra,Pachesan Ramon,Bourbon"
4421,Alexander Sabillon Parainema,Ritual,Alexander Sabillon ,Washed,9999,,,"brown sugar,sugar,juicy,bright",Parainema
4422,El Alto White Honey,Ritual,Grace Calderon Jiminez ,Pulp Natural,9999,Costa Rica,Americas,"caramel,chocolate,honey",Caturra
4423,Organic Yanatile,Ritual,"Marisa Conde Romero, Ermitao Huillca Quispe, and David Merma Macedo ",Washed,9999,Peru,Americas,"cherry,caramel,berry,soft,creamy,round,cola,sweet,honey,candy,citrus,clean","Bourbon,Caturra,Typica"
4424,Huerta del Rio UNECAFE Lachao Decaf,PT's Coffee Roasting Co.,UNECAFE,EA Decaf,1800,Mexico,Americas,"silky,pecan,orange,roasted","Mundo Novo,Typica Pluma"
4425,Finca La Esperanza,Sterling Coffee Roasters,,Washed,1650,,,"sweet,lingering,cream,cream",Bourbon
4426,Ethiopia Yirgacheffe Aricha,Sterling Coffee Roasters,,Washed,1950,Ethiopia,Africa,"orange,super,black tea,tea,nectarine,lemonade,bright,honey,floral,sweet,peach,bergamot",Heirlooms
4427,Decaf Ethiopia Masha Natural,Equator,Haile Gebreselassie,EA Decaf,1755,Ethiopia,Africa,"fruity,cocoa,nectarine,cherry,currant,milk,complex,peach",Ethiopia Landraces
4428,Ayarza,Feast,"Lorenzo, Zapata, Aguirre, Najera, Mendez, Sandoval, Ortega, Martinez, and Barrera families.",Natural,1800,,,"chocolate,strawberry,cocoa,sweet,caramel,milk chocolate,milk","Bourbon,Caturra,Typica"
4431,Canopy,Common Voice,,Washed,1500,,,"chocolate,complex,cherry,dark chocolate,cinnamon,spice,black cherry",
4432,Compass,Common Voice,,Washed,1100,,,"roasted,candy,chocolate,tangerine,juicy,almond",
4433,Agua,Common Voice,,Washed,9999,,,"lingering,light,balance,nutty,juicy,sweet,fruity,citrus",
4434,Perennial Decaf,Common Voice,,EA Decaf,9999,,,"bright,green apple,cedar,sweet,apple,crisp",
4435,Sunbeam,Common Voice,,Washed,9999,,,"almond,bright,chocolate,roasted",
4436,Terra,Common Voice,,Washed,9999,,,"earthy,orange,milk",
4437,Caplami,Novo,,Washed,1500,,,"peach,tobacco,earthy,floral",Java
4439,Evin Moreno,Ritual,Evin Joel Moreno Reyes,Washed,9999,Honduras,Americas,"lingering,cherry,berry",Pacas
4441,Ethiopia Chelbesa Natural,Huckleberry,Worka Chelbessa,Natural,2025,Ethiopia,Africa,"fruit punch,berry,fruity",Ethiopia Landraces
4442,Guatemala Santa Barbara,ReAnimator Coffee Roasters,,Washed,9999,Guatemala,Americas,"chocolate,cherry",
4443,Mexico Familia Garcia,ReAnimator Coffee Roasters,Garcia Lopez,Washed,9999,Mexico,Americas,"complex,apple,green apple,candy",
4444,Costa Rica Solis y Cordero,Metric,,Pulp Natural,9999,Costa Rica,Americas,"soft,grapefruit,turbinado sugar,sugar,sweet,apricot,red grape,silky,grape,brown sugar",
4445,Ethiopia Kochere,Alma Coffee,Cheffe Hilina Trading PLC,Washed,2000,Ethiopia,Africa,"orange,clean,green tea,floral,fruity,sweet,peach,tea,super,delicate,black tea,juicy,soft",Heirlooms
4446,Honduras Finca El Roble,Anodyne Coffee Roasters,Adrian Castro,Washed,1675,Honduras,Americas,orange,"Caturra,Catuai"
4447,Guatemala La Hermosa,Anodyne Coffee Roasters,Max Perez,Washed,2000,Guatemala,Americas,"chocolate,soil,candy,orange,creamy","Pache,Caturra,Bourbon,Typica"
4448,Nyeri Mahiga,Greater Goods,Othaya Farmers Cooperative Society,Washed,1795,Kenya,Africa,"cocoa,stone fruit,lingering,tamarind,fermented,buttery","Batian,SL34,SL28,Ruiru 11"
4449,Ethiopia - Nano Genji,Methodical,,Washed,2050,Ethiopia,Africa,"jasmine,tea",Ethiopia Landraces
4450,Burundi - Ngogomo,Methodical,,Washed,1600,Burundi,Africa,"bright,lime,tea,black tea",Red Bourbon
4451,"Layo Teraga - Guji, Ethiopia",Mother Tongue Coffee,Layo Teraga,Washed,2125,Ethiopia,Africa,"black tea,tea,floral,honeysuckle",Heirlooms
4454,Mexico El Tigre,City of Saints,,Washed,1650,Mexico,Americas,"date,nectarine,super,fruity,juicy,tangerine","Marsellesa,Caturra,Typica,Bourbon"
4455,Spotlight,Sight Glass,Multiple,Washed,1500,Blend,Blend,"toffee,chocolate,smooth,dark chocolate,bitter,roasted,vanilla","Peaberry,Castillo"
4459,Ethiopia Aricha,Maquina,Multiple,Washed,1900,Ethiopia,Africa,"tea,floral,lemon,sweet",Heirlooms
